criterion_key,criterion_label,pool,rank,key,label,euclidean_distance,cosine_similarity
crit-mental-destabilization,La déstabilisation mentale et la sujétion psychologique ou physique conduisant à des actions ou abstentions gravement préjudiciables aux personnes et plus généralement à la perte d'esprit critique et d'autonomie,entities,1,thought reform and the psychology of totalism,thought reform and the psychology of totalism,0.9972385839954384,0.5027576905695732
crit-mental-destabilization,La déstabilisation mentale et la sujétion psychologique ou physique conduisant à des actions ou abstentions gravement préjudiciables aux personnes et plus généralement à la perte d'esprit critique et d'autonomie,entities,2,dianetics: the modern science of mental health,dianetics: the modern science of mental health,0.999565581572293,0.5004344666543857
crit-mental-destabilization,La déstabilisation mentale et la sujétion psychologique ou physique conduisant à des actions ou abstentions gravement préjudiciables aux personnes et plus généralement à la perte d'esprit critique et d'autonomie,entities,3,diagnostic and statistical manual of mental disorders,diagnostic and statistical manual of mental disorders,1.0040253923120326,0.4959663938846749
crit-mental-destabilization,La déstabilisation mentale et la sujétion psychologique ou physique conduisant à des actions ou abstentions gravement préjudiciables aux personnes et plus généralement à la perte d'esprit critique et d'autonomie,entities,4,submissiveness,submissiveness,1.0081137421650614,0.49185327534143947
crit-mental-destabilization,La déstabilisation mentale et la sujétion psychologique ou physique conduisant à des actions ou abstentions gravement préjudiciables aux personnes et plus généralement à la perte d'esprit critique et d'autonomie,entities,5,conscientious objection,conscientious objection,1.018718781059379,0.481106051062777
crit-mental-destabilization,La déstabilisation mentale et la sujétion psychologique ou physique conduisant à des actions ou abstentions gravement préjudiciables aux personnes et plus généralement à la perte d'esprit critique et d'autonomie,literature,1,adeliyan-tous-et-al-2023-using-law-to-limit-religious-freedom-the-case-of-new-re:8,"Groups aiming through maneuvers of psychological destabilization to obtain unconditional allegiance from their followers, a diminution in critical thinking, and a rupture with commonly accepted references (ethical, scientific, civic, educational), and entailing dangers for individual freedoms, health, education, and democratic institutions.",0.7809574464665126,0.6950527205114204
crit-mental-destabilization,La déstabilisation mentale et la sujétion psychologique ou physique conduisant à des actions ou abstentions gravement préjudiciables aux personnes et plus généralement à la perte d'esprit critique et d'autonomie,literature,2,adeliyan-tous-et-al-2023-using-law-to-limit-religious-freedom-the-case-of-new-re:22,"It is a deviation from freedom of thought, opinion or religion which undermines public order, laws or regulations, or persons' fundamental rights, security or integrity.",0.7894854336260382,0.6883563179182544
crit-mental-destabilization,La déstabilisation mentale et la sujétion psychologique ou physique conduisant à des actions ou abstentions gravement préjudiciables aux personnes et plus généralement à la perte d'esprit critique et d'autonomie,literature,3,richardson-and-introvigne-2001-brainwashing-theories-in-european-parliamentary-a:11,the goal or effect to create or to exploit the state of mental or physical dependence of people who are participating in its activities,0.813803542854638,0.668862015992832
crit-mental-destabilization,La déstabilisation mentale et la sujétion psychologique ou physique conduisant à des actions ou abstentions gravement préjudiciables aux personnes et plus généralement à la perte d'esprit critique et d'autonomie,literature,4,dawson-2009-cults-and-new-religious-movements-a-reader:145,Destabilize a person's sense of self.,0.8244185607895722,0.6601670833645787
crit-mental-destabilization,La déstabilisation mentale et la sujétion psychologique ou physique conduisant à des actions ou abstentions gravement préjudiciables aux personnes et plus généralement à la perte d'esprit critique et d'autonomie,literature,5,anthony-and-robbins-2009-conversion-and-brainwashing-in-new-religious-movements:1,a useful though scientifically imprecise concept which refers to an array of complex phenomena resulting in the impairment of the individual's cognitive and social functioning,0.8539255604344747,0.6354054803600419
crit-mental-destabilization,La déstabilisation mentale et la sujétion psychologique ou physique conduisant à des actions ou abstentions gravement préjudiciables aux personnes et plus généralement à la perte d'esprit critique et d'autonomie,literature,6,2008-the-oxford-handbook-of-new-religious-movements-1:225,a useful though scientifically imprecise concept which refers to an array of complex phenomena resulting in the impairment of the individual's cognitive and social functioning,0.8539255604344747,0.6354054803600419
crit-mental-destabilization,La déstabilisation mentale et la sujétion psychologique ou physique conduisant à des actions ou abstentions gravement préjudiciables aux personnes et plus généralement à la perte d'esprit critique et d'autonomie,literature,7,anthony-and-robbins-2009-conversion-and-brainwashing-in-new-religious-movements:31,brainwashing consists of overwhelming or irresistible 'extrinsic' influence to which the inner qualities of the person are irrelevant,0.8662300659581739,0.624822853759246
crit-mental-destabilization,La déstabilisation mentale et la sujétion psychologique ou physique conduisant à des actions ou abstentions gravement préjudiciables aux personnes et plus généralement à la perte d'esprit critique et d'autonomie,literature,8,kaplan-and-l-w-2002-2-the-cult-the-cultic-milieu-and-secularization:274,mental manipulation,0.8760538029780817,0.6162648045158152
crit-mental-destabilization,La déstabilisation mentale et la sujétion psychologique ou physique conduisant à des actions ou abstentions gravement préjudiciables aux personnes et plus généralement à la perte d'esprit critique et d'autonomie,literature,9,2023-decoding-delusions-a-clinician-s-guide-to-working-with-delusions-and-other:218,mental manipulation,0.8760538029780817,0.6162648045158152
crit-mental-destabilization,La déstabilisation mentale et la sujétion psychologique ou physique conduisant à des actions ou abstentions gravement préjudiciables aux personnes et plus généralement à la perte d'esprit critique et d'autonomie,literature,10,richardson-and-introvigne-2001-brainwashing-theories-in-european-parliamentary-a:7,mental manipulation,0.8760538029780817,0.6162648045158152
crit-mental-destabilization,La déstabilisation mentale et la sujétion psychologique ou physique conduisant à des actions ou abstentions gravement préjudiciables aux personnes et plus généralement à la perte d'esprit critique et d'autonomie,interviews,1,b1-aug08-1420:0,"So, I'd picture something American, okay — brainwashing, suppressive, abusive.",0.9067948445141231,0.588861539636294
crit-mental-destabilization,La déstabilisation mentale et la sujétion psychologique ou physique conduisant à des actions ou abstentions gravement préjudiciables aux personnes et plus généralement à la perte d'esprit critique et d'autonomie,interviews,2,b1-aug08-2128:0,"I would say it's people participating in something, and then there's a person who has another agenda and kind of manipulates them, and uses, like — their, I don't know — participation, or — I think that's not the right word — but, like, their willingness, and, like, their good [nature] to participate in something.",0.9174981853551044,0.5790983878775058
crit-mental-destabilization,La déstabilisation mentale et la sujétion psychologique ou physique conduisant à des actions ou abstentions gravement préjudiciables aux personnes et plus généralement à la perte d'esprit critique et d'autonomie,interviews,3,b1-aug11-2011:0,"It means committing to rules, committing to maybe a financial engagement, and it comes with giving up some individual freedoms, let's say.",0.9254540068503021,0.5717675342560127
crit-mental-destabilization,La déstabilisation mentale et la sujétion psychologique ou physique conduisant à des actions ou abstentions gravement préjudiciables aux personnes et plus généralement à la perte d'esprit critique et d'autonomie,interviews,4,b1-aug08-2128:0,"Something suspicious, something dangerous, something not normal.",0.9268631319689015,0.570462398373436
crit-mental-destabilization,La déstabilisation mentale et la sujétion psychologique ou physique conduisant à des actions ou abstentions gravement préjudiciables aux personnes et plus généralement à la perte d'esprit critique et d'autonomie,interviews,5,ig-06:0,"attempting to deviate from academic norms through “breaking boundaries”, central figure with authoritative behavior and high controlled dynamic with attempts at isolating members from larger communities",0.943624050919778,0.5547867469914409
crit-mental-destabilization,La déstabilisation mentale et la sujétion psychologique ou physique conduisant à des actions ou abstentions gravement préjudiciables aux personnes et plus généralement à la perte d'esprit critique et d'autonomie,interviews,6,b3-aug22-2101:0,"A priori, dans la définition même, ça implique un truc négatif.",0.9632364151732088,0.5360877394586221
crit-mental-destabilization,La déstabilisation mentale et la sujétion psychologique ou physique conduisant à des actions ou abstentions gravement préjudiciables aux personnes et plus généralement à la perte d'esprit critique et d'autonomie,interviews,7,ig-07:0,"But I suppose most commonly I'd consider groups of people with some commonly considered 'alternative' beliefs and a person, figure or certain idea as a central element within their communal belief system.",0.96515473452778,0.5342380171717833
crit-mental-destabilization,La déstabilisation mentale et la sujétion psychologique ou physique conduisant à des actions ou abstentions gravement préjudiciables aux personnes et plus généralement à la perte d'esprit critique et d'autonomie,interviews,8,b1-aug08-1420:0,"I guess there's a definition of cult, and hopefully they're assessed based on some definition, but I guess a cult is anything that becomes too extreme in an ideology, and kind of just messes with the people themselves.",0.965774579082876,0.5336396393702398
crit-mental-destabilization,La déstabilisation mentale et la sujétion psychologique ou physique conduisant à des actions ou abstentions gravement préjudiciables aux personnes et plus généralement à la perte d'esprit critique et d'autonomie,interviews,9,b1-aug08-2145:0,"I think the first thing that comes to my mind is more, probably, the bad side of it — the bad side of it.",0.9701483727230237,0.5294059081919036
crit-mental-destabilization,La déstabilisation mentale et la sujétion psychologique ou physique conduisant à des actions ou abstentions gravement préjudiciables aux personnes et plus généralement à la perte d'esprit critique et d'autonomie,interviews,10,b1-aug09-2048:0,"something nasty, something really nasty.",0.9755139819834986,0.5241861665546084
crit-rupture-origin-environment,"La rupture avec l'environnement d'origine (proches, famille)",entities,1,radical departures,radical departures,0.9536142169672437,0.545309909208642
crit-rupture-origin-environment,"La rupture avec l'environnement d'origine (proches, famille)",entities,2,self transformation,self transformation,0.9597850492060391,0.5394062676260687
crit-rupture-origin-environment,"La rupture avec l'environnement d'origine (proches, famille)",entities,3,falling from the faith,falling from the faith,0.9684878820750235,0.531015631402183
crit-rupture-origin-environment,"La rupture avec l'environnement d'origine (proches, famille)",entities,4,concerned relatives,concerned relatives,0.9696219620918526,0.5299167272477932
crit-rupture-origin-environment,"La rupture avec l'environnement d'origine (proches, famille)",entities,5,the family (formerly the children of god),the family (formerly the children of god),0.978941617267285,0.520836741543468
crit-rupture-origin-environment,"La rupture avec l'environnement d'origine (proches, famille)",literature,1,bromley-2007-teaching-new-religious-movementslearning-from-new-religious-movemen:154,religious bodies in a relatively high state of tension with their environments,0.8741278955474296,0.6179500430980678
crit-rupture-origin-environment,"La rupture avec l'environnement d'origine (proches, famille)",literature,2,2008-the-oxford-handbook-of-new-religious-movements-1:283,"individual disinvolvement (private distancing, limiting emotional investment)",0.8804726862224326,0.6123840719337119
crit-rupture-origin-environment,"La rupture avec l'environnement d'origine (proches, famille)",literature,3,dawson-2009-the-study-of-new-religious-movements-and-the-radicalization-of-home:7,a radical departure,0.9033397522709657,0.591988674278937
crit-rupture-origin-environment,"La rupture avec l'environnement d'origine (proches, famille)",literature,4,kaplan-and-l-w-2002-2-the-cult-the-cultic-milieu-and-secularization:268,exit counseling,0.9091971037957894,0.5866805589859292
crit-rupture-origin-environment,"La rupture avec l'environnement d'origine (proches, famille)",literature,5,hexham-et-al-2001-new-religious-movements-challenge-and-response:195,exit counselling,0.9150659865667111,0.5813271205551793
crit-rupture-origin-environment,"La rupture avec l'environnement d'origine (proches, famille)",literature,6,dawson-2009-cults-and-new-religious-movements-a-reader:145,Destabilize a person's sense of self.,0.9211101252763254,0.5757782080417426
crit-rupture-origin-environment,"La rupture avec l'environnement d'origine (proches, famille)",literature,7,davis-and-hankins-2002-new-religious-movements-and-religious-liberty-in-america:82,Catastrophic millennialists who live in isolated communities are inherently in tension with mainstream society.,0.9227037416265015,0.5743091808678176
crit-rupture-origin-environment,"La rupture avec l'environnement d'origine (proches, famille)",literature,8,lucas-and-robbins-2004-new-religious-movements-in-the-twenty-first-century:153,Movements that encourage dissociation from the (biological) family and entry into an alternative community structure tend to be termed 'cults.',0.9238269448523885,0.5732716649699019
crit-rupture-origin-environment,"La rupture avec l'environnement d'origine (proches, famille)",literature,9,hammer-and-rothstein-2012-the-cambridge-companion-to-new-religious-movements:35,personal transformation may be symbolic and/or social,0.9293578207526234,0.5681470424451655
crit-rupture-origin-environment,"La rupture avec l'environnement d'origine (proches, famille)",literature,10,bromley-2007-teaching-new-religious-movementslearning-from-new-religious-movemen:16,disengagement/defection,0.929534342183589,0.5679829669268275
crit-rupture-origin-environment,"La rupture avec l'environnement d'origine (proches, famille)",interviews,1,ig-06:0,"attempting to deviate from academic norms through “breaking boundaries”, central figure with authoritative behavior and high controlled dynamic with attempts at isolating members from larger communities",0.9421133763850765,0.5562111759646224
crit-rupture-origin-environment,"La rupture avec l'environnement d'origine (proches, famille)",interviews,2,ig-05:0,Because they are an enclosed group with one strange thing in the full center of their attention (for each of the new age groups),0.9559560423987769,0.5430742386603854
crit-rupture-origin-environment,"La rupture avec l'environnement d'origine (proches, famille)",interviews,3,b1-aug08-2128:0,"Something suspicious, something dangerous, something not normal.",0.9575978162527131,0.5415033073121238
crit-rupture-origin-environment,"La rupture avec l'environnement d'origine (proches, famille)",interviews,4,b1-aug09-2048:0,"something nasty, something really nasty.",0.9619784930334402,0.5372986860128554
crit-rupture-origin-environment,"La rupture avec l'environnement d'origine (proches, famille)",interviews,5,b3-aug21-1932:0,Une communauté.,0.9625140107040532,0.5367834828361056
crit-rupture-origin-environment,"La rupture avec l'environnement d'origine (proches, famille)",interviews,6,b1-aug08-2145:0,"So, yeah, kind of those stories of people trying to escape those cults.",0.9678515526915781,0.5316317266095798
crit-rupture-origin-environment,"La rupture avec l'environnement d'origine (proches, famille)",interviews,7,b1-aug08-2128:0,"Um — ""Missbrauch"" [German for ""abuse""/""misuse""].",0.9720161659954392,0.5275921631865875
crit-rupture-origin-environment,"La rupture avec l'environnement d'origine (proches, famille)",interviews,8,b1-aug09-2048:0,"So it's mostly, like, you have a negative association with.",0.9826916567706854,0.5171582310208883
crit-rupture-origin-environment,"La rupture avec l'environnement d'origine (proches, famille)",interviews,9,b1-aug08-2137:0,"But there was an extreme part of the religion where the people who grew up there — like, if your parents were there, you grew up there, and you don't know anything else than that, so anything outside of that is wrong.",0.9840028194088454,0.5158693464411374
crit-rupture-origin-environment,"La rupture avec l'environnement d'origine (proches, famille)",interviews,10,b4-sep10-2003:0,"Yeah, because it's like, once you start, it's hard to leave.",0.9843777568999248,0.5155003063592842
crit-radical-behavior-change,Le changement radical de comportement,entities,1,self transformation,self transformation,0.8109493012920777,0.6711805770212572
crit-radical-behavior-change,Le changement radical de comportement,entities,2,human individual metamorphosis,human individual metamorphosis,0.8909342481323459,0.6031181458420548
crit-radical-behavior-change,Le changement radical de comportement,entities,3,self-transformation,self-transformation,0.8933074646549936,0.6010007605646253
crit-radical-behavior-change,Le changement radical de comportement,entities,4,the consciousness reformation,the consciousness reformation,0.8986779511448717,0.5961890357415135
crit-radical-behavior-change,Le changement radical de comportement,entities,5,radical departures,radical departures,0.9030958682770865,0.5922088858345462
crit-radical-behavior-change,Le changement radical de comportement,literature,1,bromley-2007-teaching-new-religious-movementslearning-from-new-religious-movemen:185,sudden personality change,0.6648747897714044,0.7789708784142777
crit-radical-behavior-change,Le changement radical de comportement,literature,2,dawson-2009-the-study-of-new-religious-movements-and-the-radicalization-of-home:7,a radical departure,0.7397675263201448,0.7263720274206761
crit-radical-behavior-change,Le changement radical de comportement,literature,3,2008-the-oxford-handbook-of-new-religious-movements-1:244,radical departures,0.8026934482706672,0.6778415780255896
crit-radical-behavior-change,Le changement radical de comportement,literature,4,dawson-2009-cults-and-new-religious-movements-a-reader:145,Get the person to drastically reinterpret his or her life's history and radically alter his or her worldview and accept a new version of reality and causality.,0.8308925767200669,0.6548088196847455
crit-radical-behavior-change,Le changement radical de comportement,literature,5,2023-decoding-delusions-a-clinician-s-guide-to-working-with-delusions-and-other:72,radical patterns of social organization,0.8519241369453717,0.6371127295358131
crit-radical-behavior-change,Le changement radical de comportement,literature,6,werbner-and-basu-2002-embodying-charisma-modernity-locality-and-the-performance:98,the reality of the transformation they experience is both far more immediate and far more complex,0.8546549642330202,0.6347825624022314
crit-radical-behavior-change,Le changement radical de comportement,literature,7,2008-the-oxford-handbook-of-new-religious-movements-1:253,thought reform,0.8609383976758705,0.6293925610966324
crit-radical-behavior-change,Le changement radical de comportement,literature,8,clarke-2004-encyclopedia-of-new-religious-movements:92,thought reform,0.8609383976758705,0.6293925610966324
crit-radical-behavior-change,Le changement radical de comportement,literature,9,tourish-and-pinnington-2002-transformational-leadership-corporate-cultism-and-th:17,transformational leader,0.8618740980044501,0.6285865053155847
crit-radical-behavior-change,Le changement radical de comportement,literature,10,hexham-et-al-2001-new-religious-movements-challenge-and-response:123,The role of women in society is undergoing profound change,0.8717512220358747,0.620024948435166
crit-radical-behavior-change,Le changement radical de comportement,interviews,1,b2-aug13-1832:0,I think it changes depending on what I've been doing in the last days.,0.9173123264661446,0.5792691093275073
crit-radical-behavior-change,Le changement radical de comportement,interviews,2,b1-aug08-2128:0,"Okay, do you have a specific example that would come to your mind immediately?",0.9455836373263983,0.5529359677323835
crit-radical-behavior-change,Le changement radical de comportement,interviews,3,b3-aug18-1645:0,Un groupe qui suit une doctrine.,0.9457934860492603,0.5527374513110759
crit-radical-behavior-change,Le changement radical de comportement,interviews,4,b4-sep10-1838:0,Religion.,0.9474580095438254,0.5511617207264266
crit-radical-behavior-change,Le changement radical de comportement,interviews,5,b4-sep10-2003:0,Religion.,0.9474580095438254,0.5511617207264266
crit-radical-behavior-change,Le changement radical de comportement,interviews,6,b2-aug13-1832:0,That's interesting.,0.9503867906160682,0.5483826422673039
crit-radical-behavior-change,Le changement radical de comportement,interviews,7,b3-aug18-1645:0,Qui suit des règles.,0.9527752294482992,0.5461097699940916
crit-radical-behavior-change,Le changement radical de comportement,interviews,8,b1-aug08-2128:0,"Something suspicious, something dangerous, something not normal.",0.9552190854842856,0.5437783532867471
crit-radical-behavior-change,Le changement radical de comportement,interviews,9,b1-aug09-2048:0,"something nasty, something really nasty.",0.9556898122258721,0.5433284962418197
crit-radical-behavior-change,Le changement radical de comportement,interviews,10,b1-aug11-2011:0,This comes to my mind.,0.9560928584878882,0.5429432083812222
crit-rejection-of-outside-world,Le refus de l'autre et le dénigrement du monde extérieur : l'absence totale d'accès aux médias ou moyens de communication,entities,1,alienation and charisma,alienation and charisma,1.0274325414563585,0.47219157481564683
crit-rejection-of-outside-world,Le refus de l'autre et le dénigrement du monde extérieur : l'absence totale d'accès aux médias ou moyens de communication,entities,2,submissiveness,submissiveness,1.0286960854085474,0.4708922710437121
crit-rejection-of-outside-world,Le refus de l'autre et le dénigrement du monde extérieur : l'absence totale d'accès aux médias ou moyens de communication,entities,3,silence,silence,1.0292454630545482,0.4703269982937667
crit-rejection-of-outside-world,Le refus de l'autre et le dénigrement du monde extérieur : l'absence totale d'accès aux médias ou moyens de communication,entities,4,self-religion,self-religion,1.0402110866439553,0.4589803826018508
crit-rejection-of-outside-world,Le refus de l'autre et le dénigrement du monde extérieur : l'absence totale d'accès aux médias ou moyens de communication,entities,5,thought reform and the psychology of totalism,thought reform and the psychology of totalism,1.0409826061406473,0.4581778636746505
crit-rejection-of-outside-world,Le refus de l'autre et le dénigrement du monde extérieur : l'absence totale d'accès aux médias ou moyens de communication,literature,1,bromley-2007-teaching-new-religious-movementslearning-from-new-religious-movemen:48,world rejecting,0.8590064560236744,0.6310540637008575
crit-rejection-of-outside-world,Le refus de l'autre et le dénigrement du monde extérieur : l'absence totale d'accès aux médias ou moyens de communication,literature,2,dawson-2009-the-study-of-new-religious-movements-and-the-radicalization-of-home:9,"apocalyptic beliefs, or at least world-rejecting beliefs",0.8934846597290603,0.6008425767045549
crit-rejection-of-outside-world,Le refus de l'autre et le dénigrement du monde extérieur : l'absence totale d'accès aux médias ou moyens de communication,literature,3,lalich-2004-bounded-choicetrue-believers-and-charismatic-cults:83,"We had to disappear in order to be isolated. In other words, we had to be separated out, or lifted out, in order to be free to do what we had to do.",0.903991659629109,0.5913995611532641
crit-rejection-of-outside-world,Le refus de l'autre et le dénigrement du monde extérieur : l'absence totale d'accès aux médias ou moyens de communication,literature,4,anthony-and-robbins-2009-conversion-and-brainwashing-in-new-religious-movements:31,brainwashing consists of overwhelming or irresistible 'extrinsic' influence to which the inner qualities of the person are irrelevant,0.9140818769404129,0.5822274164854058
crit-rejection-of-outside-world,Le refus de l'autre et le dénigrement du monde extérieur : l'absence totale d'accès aux médias ou moyens de communication,literature,5,davis-and-hankins-2002-new-religious-movements-and-religious-liberty-in-america:82,They reject the values of society that they deem to be ungodly.,0.9170672893925477,0.579493788200918
crit-rejection-of-outside-world,Le refus de l'autre et le dénigrement du monde extérieur : l'absence totale d'accès aux médias ou moyens de communication,literature,6,lucas-and-robbins-2004-new-religious-movements-in-the-twenty-first-century:49,"We don't approach/go towards the groups, we do not have the time.",0.9237859693208365,0.5733097059883429
crit-rejection-of-outside-world,Le refus de l'autre et le dénigrement du monde extérieur : l'absence totale d'accès aux médias ou moyens de communication,literature,7,clarke-2004-encyclopedia-of-new-religious-movements:6,Moral evil is widely understood to result from ignorance or lack of awareness of the true nature of the Self.,0.9279927236494785,0.5694146841547962
crit-rejection-of-outside-world,Le refus de l'autre et le dénigrement du monde extérieur : l'absence totale d'accès aux médias ou moyens de communication,literature,8,2008-the-oxford-handbook-of-new-religious-movements-1:426,"There is no dogma, no orthodoxy, and essentially, no agreement on where the boundaries of the movement are and who is or is not part of it.",0.9342560972948474,0.5635828530909885
crit-rejection-of-outside-world,Le refus de l'autre et le dénigrement du monde extérieur : l'absence totale d'accès aux médias ou moyens de communication,literature,9,2008-the-oxford-handbook-of-new-religious-movements-1:407,The simplest form of secrecy merely implies that two people share information unknown to anybody else.,0.9356750222805519,0.5622561836926536
crit-rejection-of-outside-world,Le refus de l'autre et le dénigrement du monde extérieur : l'absence totale d'accès aux médias ou moyens de communication,literature,10,dawson-2009-cults-and-new-religious-movements-a-reader:218,"The current planetary situation is irreversibly escaping all human control . . . All creative and positive forces are strangled . . . we refuse to participate in the assassination of our carrier the Earth, we leave this world where our voices can no longer be heard",0.9372376756307568,0.5607927297438717
crit-rejection-of-outside-world,Le refus de l'autre et le dénigrement du monde extérieur : l'absence totale d'accès aux médias ou moyens de communication,interviews,1,b1-aug08-2137:0,"I would say, okay, they also practice the ideology so strictly that they kind of raise their people to not know anything else than that, and they're also not open to the world.",0.9387813296969336,0.5593448270693601
crit-rejection-of-outside-world,Le refus de l'autre et le dénigrement du monde extérieur : l'absence totale d'accès aux médias ou moyens de communication,interviews,2,b1-aug11-2011:0,"Cult, for me, also means a lack of freedom.",0.9714951109344181,0.5280986710855304
crit-rejection-of-outside-world,Le refus de l'autre et le dénigrement du monde extérieur : l'absence totale d'accès aux médias ou moyens de communication,interviews,3,b1-aug08-2137:0,"So, if I understand well, the main feature for you is this — opposing something?",0.9786236139780639,0.5211478032809778
crit-rejection-of-outside-world,Le refus de l'autre et le dénigrement du monde extérieur : l'absence totale d'accès aux médias ou moyens de communication,interviews,4,b1-aug09-2048:0,"So it's mostly, like, you have a negative association with.",0.9831071563953235,0.5167499142622937
crit-rejection-of-outside-world,Le refus de l'autre et le dénigrement du monde extérieur : l'absence totale d'accès aux médias ou moyens de communication,interviews,5,b1-aug08-2145:0,"And, yeah, so they are very isolated, in a way — they need to follow strict principles, there are a lot of rules, and very little contact is allowed outside of the group.",0.9855506260195656,0.5143450284820392
crit-rejection-of-outside-world,Le refus de l'autre et le dénigrement du monde extérieur : l'absence totale d'accès aux médias ou moyens de communication,interviews,6,b3-aug23-1213:0,"C'est quelque chose qu'on évite de fréquenter, en général, parce que, dans mon style de vie...",0.9922512170890129,0.5077189189015052
crit-rejection-of-outside-world,Le refus de l'autre et le dénigrement du monde extérieur : l'absence totale d'accès aux médias ou moyens de communication,interviews,7,b1-aug08-2128:0,"They're not really giving you something, they just pretend to give you something, and then you, being part of the cult  are not aware of that.",0.9944619981589751,0.5055228356889824
crit-rejection-of-outside-world,Le refus de l'autre et le dénigrement du monde extérieur : l'absence totale d'accès aux médias ou moyens de communication,interviews,8,b1-aug08-1420:0,"Oh, I — yeah, I don't have any names, or — yeah, I don't remember any names.",0.9950545498327495,0.504933169152705
crit-rejection-of-outside-world,Le refus de l'autre et le dénigrement du monde extérieur : l'absence totale d'accès aux médias ou moyens de communication,interviews,9,b1-aug05-1650:0,"It's a group, but without any kind of hierarchy — key members, or a set number of members.",0.9959628158322392,0.5040290766879363
crit-rejection-of-outside-world,Le refus de l'autre et le dénigrement du monde extérieur : l'absence totale d'accès aux médias ou moyens de communication,interviews,10,b4-sep10-2003:0,"I think the fact that we get obsessed with it — if it's a very enclosed, non-welcoming community, it could make it feel like that — but I don't think there's a leader that we follow.",0.9965041966583618,0.5034898499413755
crit-harsh-living-conditions,Les conditions de vie particulièrement éprouvantes ou déstabilisantes,entities,1,intensified conflict,intensified conflict,0.985994376306464,0.5139074251947714
crit-harsh-living-conditions,Les conditions de vie particulièrement éprouvantes ou déstabilisantes,entities,2,life,life,0.9942384447374755,0.5057449251572228
crit-harsh-living-conditions,Les conditions de vie particulièrement éprouvantes ou déstabilisantes,entities,3,coercive persuasion,coercive persuasion,1.0000173287203977,0.49998262911107016
crit-harsh-living-conditions,Les conditions de vie particulièrement éprouvantes ou déstabilisantes,entities,4,concerned relatives,concerned relatives,1.0002479208858928,0.4997520491089269
crit-harsh-living-conditions,Les conditions de vie particulièrement éprouvantes ou déstabilisantes,entities,5,conscientious objection,conscientious objection,1.0176744902691637,0.4821693039788646
crit-harsh-living-conditions,Les conditions de vie particulièrement éprouvantes ou déstabilisantes,literature,1,bromley-2007-teaching-new-religious-movementslearning-from-new-religious-movemen:154,religious bodies in a relatively high state of tension with their environments,0.8762064562817914,0.6161308714896583
crit-harsh-living-conditions,Les conditions de vie particulièrement éprouvantes ou déstabilisantes,literature,2,clarke-2004-encyclopedia-of-new-religious-movements:688,"People who lacked a strong sense of boundaries, or conversely, were too rigid and set in their ways, were deemed unsuitable.",0.8880743434652846,0.6056620148990961
crit-harsh-living-conditions,Les conditions de vie particulièrement éprouvantes ou déstabilisantes,literature,3,bromley-2007-teaching-new-religious-movementslearning-from-new-religious-movemen:250,contemporary cases of extreme violence,0.8997058789914655,0.5952646746794927
crit-harsh-living-conditions,Les conditions de vie particulièrement éprouvantes ou déstabilisantes,literature,4,anthony-and-robbins-2009-conversion-and-brainwashing-in-new-religious-movements:34,Coercive or involuntary imposition of a defective or false worldview,0.9020611592613036,0.5931428607987619
crit-harsh-living-conditions,Les conditions de vie particulièrement éprouvantes ou déstabilisantes,literature,5,dawson-2009-cults-and-new-religious-movements-a-reader:145,Destabilize a person's sense of self.,0.9160111578523454,0.5804618269269626
crit-harsh-living-conditions,Les conditions de vie particulièrement éprouvantes ou déstabilisantes,literature,6,lalich-2004-bounded-choicetrue-believers-and-charismatic-cults:213,a very controlling environment existed in both as well.,0.918211967315419,0.57844329939381
crit-harsh-living-conditions,Les conditions de vie particulièrement éprouvantes ou déstabilisantes,literature,7,lalich-2004-bounded-choicetrue-believers-and-charismatic-cults:208,alternating periods of severity and leniency,0.9190586648581711,0.5776654892563279
crit-harsh-living-conditions,Les conditions de vie particulièrement éprouvantes ou déstabilisantes,literature,8,2008-the-oxford-handbook-of-new-religious-movements-1:231,"an extreme, extrinsic brainwashing model",0.922166439003278,0.5748044814211746
crit-harsh-living-conditions,Les conditions de vie particulièrement éprouvantes ou déstabilisantes,literature,9,lucas-and-robbins-2004-new-religious-movements-in-the-twenty-first-century:84,the dire economic conditions and abject poverty in many parts of the Northern Caucasus and elsewhere in Russia can be a powerful radicalizing factor,0.9282195779323379,0.5692041613398966
crit-harsh-living-conditions,Les conditions de vie particulièrement éprouvantes ou déstabilisantes,literature,10,richardson-and-introvigne-2001-brainwashing-theories-in-european-parliamentary-a:12,the exercise of serious and repeated pressures or techniques aimed at altering the capacity of judgment,0.9362204853978221,0.5617455757747833
crit-harsh-living-conditions,Les conditions de vie particulièrement éprouvantes ou déstabilisantes,interviews,1,b1-aug09-2048:0,"something nasty, something really nasty.",0.9272818190869206,0.5700741181821476
crit-harsh-living-conditions,Les conditions de vie particulièrement éprouvantes ou déstabilisantes,interviews,2,b1-aug08-2128:0,"Something suspicious, something dangerous, something not normal.",0.9299255769305055,0.567619208236955
crit-harsh-living-conditions,Les conditions de vie particulièrement éprouvantes ou déstabilisantes,interviews,3,b3-aug22-2101:0,C'est pas forcément très bien.,0.9584030701946927,0.5407315321440952
crit-harsh-living-conditions,Les conditions de vie particulièrement éprouvantes ou déstabilisantes,interviews,4,b1-aug08-1420:0,"So, I'd picture something American, okay — brainwashing, suppressive, abusive.",0.9715209195169534,0.5280734970427695
crit-harsh-living-conditions,Les conditions de vie particulièrement éprouvantes ou déstabilisantes,interviews,5,b4-sep10-2003:0,I feel like usually the leaders are super abusive.,0.9764132364242026,0.5233086379128686
crit-harsh-living-conditions,Les conditions de vie particulièrement éprouvantes ou déstabilisantes,interviews,6,b1-aug13-1342:0,"But, you know, here's where I see the privilege — I believe, in some areas of the world you are dominated by the conditions around you, the daily struggles in life, where people have to be in fight-or-flight mode, so they don't have the privilege to think or rethink their beliefs and say ""oh, this doesn't fit me, I'd like to follow this cult or that belief"" — while in some areas of the world, especially in war zones, when people are very close to death, I believe they'd rather stick to what they were raised on, because they believe this is the remedy, or this is what gives them the better life they'll have after.",0.9770661157396286,0.5226709524999782
crit-harsh-living-conditions,Les conditions de vie particulièrement éprouvantes ou déstabilisantes,interviews,7,ig-06:0,"attempting to deviate from academic norms through “breaking boundaries”, central figure with authoritative behavior and high controlled dynamic with attempts at isolating members from larger communities",0.9794739008942043,0.520315316982723
crit-harsh-living-conditions,Les conditions de vie particulièrement éprouvantes ou déstabilisantes,interviews,8,b1-aug08-1420:0,Any particular example?,0.9883780222660616,0.5115541927037827
crit-harsh-living-conditions,Les conditions de vie particulièrement éprouvantes ou déstabilisantes,interviews,9,b3-aug16-1517:0,And the members have to live by the rules of the group — very strict rules.,0.9944850195801813,0.5054995595071987
crit-harsh-living-conditions,Les conditions de vie particulièrement éprouvantes ou déstabilisantes,interviews,10,b1-aug08-2137:0,"Okay, no — that can be — this goes more into the religious and against a particular topic, but in a super extreme way.",1.0105596973238993,0.4893844732060334
crit-deceptive-recruitment,Les méthodes de recrutement trompeuses,entities,1,coercive persuasion,coercive persuasion,0.9298819953845695,0.5676597512781572
crit-deceptive-recruitment,Les méthodes de recrutement trompeuses,entities,2,a social psychological critique of 'brainwashing' claims about recruitment to new religions,a social psychological critique of 'brainwashing' claims about recruitment to new religions,0.9393701569065558,0.558791739128718
crit-deceptive-recruitment,Les méthodes de recrutement trompeuses,entities,3,the training of the cadre,the training of the cadre,0.9458547508458083,0.552679399339804
crit-deceptive-recruitment,Les méthodes de recrutement trompeuses,entities,4,doctrine over person,doctrine over person,0.9808140361312938,0.5190019250945043
crit-deceptive-recruitment,Les méthodes de recrutement trompeuses,entities,5,media trickery,media trickery,0.9848733861309766,0.5150121081239554
crit-deceptive-recruitment,Les méthodes de recrutement trompeuses,literature,1,anthony-and-robbins-2009-conversion-and-brainwashing-in-new-religious-movements:21,"If recruitment techniques are so sinister,' asks Levine, 'why do they so rarely work?' ( 1984B: 27).",0.8223960679894571,0.6618323648333964
crit-deceptive-recruitment,Les méthodes de recrutement trompeuses,literature,2,anthony-and-robbins-2009-conversion-and-brainwashing-in-new-religious-movements:29,brainwashing has something to do with recruitment mechanisms,0.8337794318857094,0.6524060066324615
crit-deceptive-recruitment,Les méthodes de recrutement trompeuses,literature,3,richardson-and-introvigne-2001-brainwashing-theories-in-european-parliamentary-a:5,The first phase of recruitment is evidently one of seduction.,0.8476295347395681,0.6407619679801697
crit-deceptive-recruitment,Les méthodes de recrutement trompeuses,literature,4,anthony-and-robbins-2009-conversion-and-brainwashing-in-new-religious-movements:13,Cult recruiters are alleged to systematically employ hypnotists' techniques,0.8565373367987403,0.6331719529353145
crit-deceptive-recruitment,Les méthodes de recrutement trompeuses,literature,5,2008-the-oxford-handbook-of-new-religious-movements-1:237,Cult recruiters are alleged to systematically employ hypnotists' techniques,0.8565373367987403,0.6331719529353145
crit-deceptive-recruitment,Les méthodes de recrutement trompeuses,literature,6,dawson-2009-cults-and-new-religious-movements-a-reader:164,coercive persuasion,0.8739507907044757,0.6181050374003002
crit-deceptive-recruitment,Les méthodes de recrutement trompeuses,literature,7,2008-the-oxford-handbook-of-new-religious-movements-1:227,coercive persuasion,0.8739507907044757,0.6181050374003002
crit-deceptive-recruitment,Les méthodes de recrutement trompeuses,literature,8,dawson-2009-cults-and-new-religious-movements-a-reader:264,cult recruitment,0.8769787763053022,0.6154540517413223
crit-deceptive-recruitment,Les méthodes de recrutement trompeuses,literature,9,anthony-and-robbins-2009-conversion-and-brainwashing-in-new-religious-movements:18,This is one reason why the subject of a cult recruitment attempt should not be viewed as a passive target overwhelmed by coercively compelling 'mind control tactics',0.8913519458784951,0.602745882574278
crit-deceptive-recruitment,Les méthodes de recrutement trompeuses,literature,10,lewis-and-t-llefsen-2016-the-oxford-handbook-of-new-religious-movements-volume-i:139,The brainwashing hypothesis is predicated on the loss of a recruit's ability to make informed decisions,0.8932802652237815,0.6010251885176254
crit-deceptive-recruitment,Les méthodes de recrutement trompeuses,interviews,1,b2-aug13-1840:0,"It's really easy to get kind of convinced to join a cult, by using some kind of false induction, false information.",0.9612528606739902,0.537996583945838
crit-deceptive-recruitment,Les méthodes de recrutement trompeuses,interviews,2,b1-aug09-2048:0,"But, yeah, it's a system of belief that spreads and exploits the gullible.",0.9725956361755462,0.5270288850296352
crit-deceptive-recruitment,Les méthodes de recrutement trompeuses,interviews,3,b3-aug22-2101:0,"des groupes fermés qui endoctrinent des gens en échange d'argent, la plupart du temps, et qui peuvent conduire à des dérives dangereuses.",0.9731684544098054,0.5264714789663787
crit-deceptive-recruitment,Les méthodes de recrutement trompeuses,interviews,4,b1-aug08-2145:0,"Yeah, so, yeah, a very different way of getting raised, I guess.",0.9833178382579595,0.5165428748725722
crit-deceptive-recruitment,Les méthodes de recrutement trompeuses,interviews,5,b2-aug13-1840:0,Somehow they try to convince people to join the cult.,0.9917267678299452,0.5082387681548154
crit-deceptive-recruitment,Les méthodes de recrutement trompeuses,interviews,6,b1-aug11-2011:0,but I might be wrong.,0.9943245102032744,0.5056594503926328
crit-deceptive-recruitment,Les méthodes de recrutement trompeuses,interviews,7,b1-aug09-2048:0,exploitation?,1.0063328930365087,0.49364705421400584
crit-deceptive-recruitment,Les méthodes de recrutement trompeuses,interviews,8,b3-aug21-1932:0,En les attirant vers quelque chose.,1.013870887259978,0.48603279086538365
crit-deceptive-recruitment,Les méthodes de recrutement trompeuses,interviews,9,b3-aug22-2057:0,"Manipulation, groupe, idéologie.",1.0184480222811405,0.4813817377834927
crit-deceptive-recruitment,Les méthodes de recrutement trompeuses,interviews,10,b1-aug13-1342:0,So there's a lot of brainwashing and abuse allegations.,1.0261598370625904,0.4734979856082008
crit-indoctrination-of-children,L'embrigadement des enfants,entities,1,children in new religions,children in new religions,0.9112921356259396,0.5847731175300473
crit-indoctrination-of-children,L'embrigadement des enfants,entities,2,let our children go!,let our children go!,0.9115332908167493,0.5845532805955258
crit-indoctrination-of-children,L'embrigadement des enfants,entities,3,the training of the cadre,the training of the cadre,0.9330032960646711,0.5647523317138814
crit-indoctrination-of-children,L'embrigadement des enfants,entities,4,demonstration,demonstration,0.9461056506082952,0.5524417860240125
crit-indoctrination-of-children,L'embrigadement des enfants,entities,5,the children of god,the children of god,0.9504409904616044,0.548330692206469
crit-indoctrination-of-children,L'embrigadement des enfants,literature,1,lalich-2004-bounded-choicetrue-believers-and-charismatic-cults:186,The children are our future.,0.9048526845594222,0.5906206411502186
crit-indoctrination-of-children,L'embrigadement des enfants,literature,2,2008-the-oxford-handbook-of-new-religious-movements-1:354,child abuse,0.9149901240674378,0.5813962784031748
crit-indoctrination-of-children,L'embrigadement des enfants,literature,3,2008-the-oxford-handbook-of-new-religious-movements-1:368,New Age children,0.9181133225728823,0.578533909572366
crit-indoctrination-of-children,L'embrigadement des enfants,literature,4,2023-decoding-delusions-a-clinician-s-guide-to-working-with-delusions-and-other:134,a middle position,0.9215072897077287,0.5754121523754743
crit-indoctrination-of-children,L'embrigadement des enfants,literature,5,werbner-and-basu-2002-embodying-charisma-modernity-locality-and-the-performance:149,He is 12 or 13 years old.,0.9267454850906472,0.5705712730746515
crit-indoctrination-of-children,L'embrigadement des enfants,literature,6,bromley-2007-teaching-new-religious-movementslearning-from-new-religious-movemen:309,The children are made to take part in Satanic rituals,0.9387311984637944,0.5593918794109625
crit-indoctrination-of-children,L'embrigadement des enfants,literature,7,lewis-and-t-llefsen-2016-the-oxford-handbook-of-new-religious-movements-volume-i:118,Love Our Children,0.9419786179495885,0.5563379442401475
crit-indoctrination-of-children,L'embrigadement des enfants,literature,8,2008-the-oxford-handbook-of-new-religious-movements-1:361,child custody cases,0.9432879424458283,0.5551039129639931
crit-indoctrination-of-children,L'embrigadement des enfants,literature,9,tomkins-2010-the-clapham-sect-how-wilberforce-s-circle-transformed-britain:40,the imitating multitude,0.9461784459639007,0.5523729422640817
crit-indoctrination-of-children,L'embrigadement des enfants,literature,10,clarke-2004-encyclopedia-of-new-religious-movements:76,The Children of God,0.9504409904616044,0.548330692206469
crit-indoctrination-of-children,L'embrigadement des enfants,interviews,1,b3-aug21-1932:0,En les attirant vers quelque chose.,0.8986893644428356,0.5961785278419006
crit-indoctrination-of-children,L'embrigadement des enfants,interviews,2,b3-aug23-1213:0,Des groupements...,0.9501147692954554,0.5486407300606374
crit-indoctrination-of-children,L'embrigadement des enfants,interviews,3,b3-aug21-1932:0,Une communauté.,0.9529838371797048,0.5459108481083347
crit-indoctrination-of-children,L'embrigadement des enfants,interviews,4,b3-aug21-1932:0,Illuminati.,0.9537655406052191,0.5451654346531883
crit-indoctrination-of-children,L'embrigadement des enfants,interviews,5,ig-03:0,Weird people coming together to do weird things.,0.9578631315256657,0.5412490333036319
crit-indoctrination-of-children,L'embrigadement des enfants,interviews,6,b1-aug08-2137:0,"You know, like, these people have — I don't know — thousands of children, because it's [encouraged] by nature.",0.958913525021448,0.5402423066322817
crit-indoctrination-of-children,L'embrigadement des enfants,interviews,7,b3-aug23-1213:0,ça peut être large.,0.9631623325781647,0.5361589676479166
crit-indoctrination-of-children,L'embrigadement des enfants,interviews,8,b3-aug18-1645:0,Qui suit des règles.,0.964595200778905,0.5347779821351669
crit-indoctrination-of-children,L'embrigadement des enfants,interviews,9,b3-aug18-1645:0,Groupe.,0.9666420644784591,0.5328014323850523
crit-indoctrination-of-children,L'embrigadement des enfants,interviews,10,ig-04:0,People dressed in white,0.9760640272757571,0.5236493869138483
crit-authoritarian-opaque-group,"L'existence d'un groupe organisé sur un mode autoritaire, opaque et cloisonné, avec présence d'un dirigeant de type leader charismatique ou praticien référent exclusif",entities,1,charismatic authority,charismatic authority,0.930064110112813,0.5674904745449639
crit-authoritarian-opaque-group,"L'existence d'un groupe organisé sur un mode autoritaire, opaque et cloisonné, avec présence d'un dirigeant de type leader charismatique ou praticien référent exclusif",entities,2,charismatic leadership,charismatic leadership,0.968887163174121,0.5306288113534482
crit-authoritarian-opaque-group,"L'existence d'un groupe organisé sur un mode autoritaire, opaque et cloisonné, avec présence d'un dirigeant de type leader charismatique ou praticien référent exclusif",entities,3,evolving perspectives on charismatic leadership,evolving perspectives on charismatic leadership,0.9753235910401767,0.5243718131746926
crit-authoritarian-opaque-group,"L'existence d'un groupe organisé sur un mode autoritaire, opaque et cloisonné, avec présence d'un dirigeant de type leader charismatique ou praticien référent exclusif",entities,4,satanic groups,satanic groups,0.9914913908578314,0.5084725933573373
crit-authoritarian-opaque-group,"L'existence d'un groupe organisé sur un mode autoritaire, opaque et cloisonné, avec présence d'un dirigeant de type leader charismatique ou praticien référent exclusif",entities,5,unifi cationism,unifi cationism,1.007862158935521,0.49210712889800556
crit-authoritarian-opaque-group,"L'existence d'un groupe organisé sur un mode autoritaire, opaque et cloisonné, avec présence d'un dirigeant de type leader charismatique ou praticien référent exclusif",literature,1,lalich-2004-bounded-choicetrue-believers-and-charismatic-cults:221,Charismatic authority: Leadership was secretive and inaccessible.,0.7934003138229855,0.6852579614816394
crit-authoritarian-opaque-group,"L'existence d'un groupe organisé sur un mode autoritaire, opaque et cloisonné, avec présence d'un dirigeant de type leader charismatique ou praticien référent exclusif",literature,2,2008-the-oxford-handbook-of-new-religious-movements-1:142,"apocalyptic worldview, charismatic leadership, high levels of internal control, and intense internal solidarity that produces isolation from the surrounding society",0.8135442180626249,0.669072952836217
crit-authoritarian-opaque-group,"L'existence d'un groupe organisé sur un mode autoritaire, opaque et cloisonné, avec présence d'un dirigeant de type leader charismatique ou praticien référent exclusif",literature,3,2008-the-oxford-handbook-of-new-religious-movements-1:250,"Authoritarian submission, involving dependency on and deference to strong leaders.",0.8167647501902524,0.6664477758339031
crit-authoritarian-opaque-group,"L'existence d'un groupe organisé sur un mode autoritaire, opaque et cloisonné, avec présence d'un dirigeant de type leader charismatique ou praticien référent exclusif",literature,4,hammer-and-rothstein-2012-the-cambridge-companion-to-new-religious-movements:18,"Leaders are often described as guides, trainers, counselors who, formally at least, typically have more limited authority than counterparts in world-rejecting/transformative movements.",0.8353784065671769,0.6510713908353658
crit-authoritarian-opaque-group,"L'existence d'un groupe organisé sur un mode autoritaire, opaque et cloisonné, avec présence d'un dirigeant de type leader charismatique ou praticien référent exclusif",literature,5,bromley-2007-teaching-new-religious-movementslearning-from-new-religious-movemen:20,"a dominant male charismatic leader, a hierarchical male leadership structure, doctrinal beliefs that privilege male superiority, strong gender norms governing behavior, and a highly paternalistic family structure",0.8406571137860677,0.6466479102792125
crit-authoritarian-opaque-group,"L'existence d'un groupe organisé sur un mode autoritaire, opaque et cloisonné, avec présence d'un dirigeant de type leader charismatique ou praticien référent exclusif",literature,6,davis-and-hankins-2002-new-religious-movements-and-religious-liberty-in-america:80,"It must be noted that charismatic leadership is socially constructed, and if there are no believers in a person's claimed access to an unseen source of authority, then there is no charismatic leader.",0.8452485245212668,0.642777341251924
crit-authoritarian-opaque-group,"L'existence d'un groupe organisé sur un mode autoritaire, opaque et cloisonné, avec présence d'un dirigeant de type leader charismatique ou praticien référent exclusif",literature,7,2023-decoding-delusions-a-clinician-s-guide-to-working-with-delusions-and-other:64,"movements with distinctly apocalyptic worldviews, charismatic leadership, tight internal social control, and intense communal solidarity",0.847056436473738,0.641247736760195
crit-authoritarian-opaque-group,"L'existence d'un groupe organisé sur un mode autoritaire, opaque et cloisonné, avec présence d'un dirigeant de type leader charismatique ou praticien référent exclusif",literature,8,saliba-2009-psychology-and-the-new-religious-movements:4,They frequently refer to the movements as malevolent and destructive cults or totalistic groups that demand hyper-compliance and use coercive power and undue authority.,0.8536427471124928,0.6356470869814896
crit-authoritarian-opaque-group,"L'existence d'un groupe organisé sur un mode autoritaire, opaque et cloisonné, avec présence d'un dirigeant de type leader charismatique ou praticien référent exclusif",literature,9,2008-the-oxford-handbook-of-new-religious-movements-1:250,"Evangelism, or concern with proselytization (there may be exceptions here in terms of groups which have isolated themselves in such a way as to inhibit outreach-such groups may be particularly volatile).",0.8537764307075949,0.6355329125653599
crit-authoritarian-opaque-group,"L'existence d'un groupe organisé sur un mode autoritaire, opaque et cloisonné, avec présence d'un dirigeant de type leader charismatique ou praticien référent exclusif",literature,10,2008-the-oxford-handbook-of-new-religious-movements-1:295,They frequently refer to the movements as malevolent and destructive cults or totalistic groups that demand hypercompliance and use coercive power and undue authority.,0.8585000291291446,0.6314888802211148
crit-authoritarian-opaque-group,"L'existence d'un groupe organisé sur un mode autoritaire, opaque et cloisonné, avec présence d'un dirigeant de type leader charismatique ou praticien référent exclusif",interviews,1,b3-aug16-1517:0,"Because they have a singular leader, it's not easy to get into the group, you have to go through an integration process, and it's a very closed community.",0.8527504953804306,0.6364082930623135
crit-authoritarian-opaque-group,"L'existence d'un groupe organisé sur un mode autoritaire, opaque et cloisonné, avec présence d'un dirigeant de type leader charismatique ou praticien référent exclusif",interviews,2,ig-06:0,"attempting to deviate from academic norms through “breaking boundaries”, central figure with authoritative behavior and high controlled dynamic with attempts at isolating members from larger communities",0.8623413414990821,0.6281837177952359
crit-authoritarian-opaque-group,"L'existence d'un groupe organisé sur un mode autoritaire, opaque et cloisonné, avec présence d'un dirigeant de type leader charismatique ou praticien référent exclusif",interviews,3,b1-aug05-1650:0,"It's a group, but without any kind of hierarchy — key members, or a set number of members.",0.8950851390663775,0.5994112950390176
crit-authoritarian-opaque-group,"L'existence d'un groupe organisé sur un mode autoritaire, opaque et cloisonné, avec présence d'un dirigeant de type leader charismatique ou praticien référent exclusif",interviews,4,b1-aug08-2145:0,"And, yeah, so they are very isolated, in a way — they need to follow strict principles, there are a lot of rules, and very little contact is allowed outside of the group.",0.9033430477252261,0.5919856718863618
crit-authoritarian-opaque-group,"L'existence d'un groupe organisé sur un mode autoritaire, opaque et cloisonné, avec présence d'un dirigeant de type leader charismatique ou praticien référent exclusif",interviews,5,b1-aug09-2048:0,"All those smaller church denominations with a charismatic leader and their own little special lore — something that usually exploits vulnerable people, gullible people, you know — extracts resources and sex from them, depending on the type of cult.",0.9065704104060882,0.5890649959592811
crit-authoritarian-opaque-group,"L'existence d'un groupe organisé sur un mode autoritaire, opaque et cloisonné, avec présence d'un dirigeant de type leader charismatique ou praticien référent exclusif",interviews,6,b3-aug22-2101:0,"des groupes fermés qui endoctrinent des gens en échange d'argent, la plupart du temps, et qui peuvent conduire à des dérives dangereuses.",0.9131034295706533,0.583121046054877
crit-authoritarian-opaque-group,"L'existence d'un groupe organisé sur un mode autoritaire, opaque et cloisonné, avec présence d'un dirigeant de type leader charismatique ou praticien référent exclusif",interviews,7,b4-sep10-2003:0,"I think the fact that we get obsessed with it — if it's a very enclosed, non-welcoming community, it could make it feel like that — but I don't think there's a leader that we follow.",0.9141357388058051,0.5821780202788198
crit-authoritarian-opaque-group,"L'existence d'un groupe organisé sur un mode autoritaire, opaque et cloisonné, avec présence d'un dirigeant de type leader charismatique ou praticien référent exclusif",interviews,8,b4-sep10-2003:0,"A group of people that are blindly devoted, or blindly follow a belief without questioning it.",0.9155668597443971,0.5808685950952854
crit-authoritarian-opaque-group,"L'existence d'un groupe organisé sur un mode autoritaire, opaque et cloisonné, avec présence d'un dirigeant de type leader charismatique ou praticien référent exclusif",interviews,9,ig-02:0,These would happen on sight but also kinda behind the doors and there was also several groups with different leaders.,0.9175766527453303,0.5790266497391151
crit-authoritarian-opaque-group,"L'existence d'un groupe organisé sur un mode autoritaire, opaque et cloisonné, avec présence d'un dirigeant de type leader charismatique ou praticien référent exclusif",interviews,10,ig-07:0,"But I suppose most commonly I'd consider groups of people with some commonly considered 'alternative' beliefs and a person, figure or certain idea as a central element within their communal belief system.",0.919068617672976,0.5776563885034404
crit-difficulty-leaving-group,De grandes difficultés voire une impossibilité pour un membre de quitter ledit groupe,entities,1,radical departures,radical departures,0.9573632815618247,0.5417278389112841
crit-difficulty-leaving-group,De grandes difficultés voire une impossibilité pour un membre de quitter ledit groupe,entities,2,satanic groups,satanic groups,0.9634354938515607,0.5358962841826598
crit-difficulty-leaving-group,De grandes difficultés voire une impossibilité pour un membre de quitter ledit groupe,entities,3,concerned relatives,concerned relatives,1.004620953851151,0.49536861018455397
crit-difficulty-leaving-group,De grandes difficultés voire une impossibilité pour un membre de quitter ledit groupe,entities,4,away team,away team,1.004647004782643,0.49534214235898444
crit-difficulty-leaving-group,De grandes difficultés voire une impossibilité pour un membre de quitter ledit groupe,entities,5,older members,older members,1.0093845470496825,0.49057166904507354
crit-difficulty-leaving-group,De grandes difficultés voire une impossibilité pour un membre de quitter ledit groupe,literature,1,clarke-2004-encyclopedia-of-new-religious-movements:369,it is almost impossible for the person to leave the group. The submission is complete.,0.6706510989599401,0.775113538195922
crit-difficulty-leaving-group,De grandes difficultés voire une impossibilité pour un membre de quitter ledit groupe,literature,2,richardson-and-introvigne-2001-brainwashing-theories-in-european-parliamentary-a:18,it is almost impossible for him to leave the group .... The submission is complete.,0.7304740896721916,0.7332039836440459
crit-difficulty-leaving-group,De grandes difficultés voire une impossibilité pour un membre de quitter ledit groupe,literature,3,melton-2014-encyclopedic-handbook-of-cults-in-america:17,a lengthy indoctrination by the group is frequently necessary,0.8332102489669195,0.6528803589325605
crit-difficulty-leaving-group,De grandes difficultés voire une impossibilité pour un membre de quitter ledit groupe,literature,4,clarke-2004-encyclopedia-of-new-religious-movements:159,a term that refers to controversial groups that are odd and even dangerous to group members and others,0.8463125740683511,0.6418775337083757
crit-difficulty-leaving-group,De grandes difficultés voire une impossibilité pour un membre de quitter ledit groupe,literature,5,2023-decoding-delusions-a-clinician-s-guide-to-working-with-delusions-and-other:77,high-level defections may traumatize the leader and enhance group volatility,0.8691623037034869,0.6222785745728948
crit-difficulty-leaving-group,De grandes difficultés voire une impossibilité pour un membre de quitter ledit groupe,literature,6,dawson-2009-the-study-of-new-religious-movements-and-the-radicalization-of-home:11,the internal volatility of the group magnified the threat,0.8750770492997527,0.6171201840051945
crit-difficulty-leaving-group,De grandes difficultés voire une impossibilité pour un membre de quitter ledit groupe,literature,7,lalich-2004-bounded-choicetrue-believers-and-charismatic-cults:195,As hard as it might be to fathom belonging to a cult,0.8761655962487227,0.6161671009562355
crit-difficulty-leaving-group,De grandes difficultés voire une impossibilité pour un membre de quitter ledit groupe,literature,8,denaux-2002-the-attitude-of-belgian-authorities-toward-new-religious-movements:11,it is not possible to say a priori whether a group is or is not dangerous,0.8765617276673157,0.6158199862680038
crit-difficulty-leaving-group,De grandes difficultés voire une impossibilité pour un membre de quitter ledit groupe,literature,9,2008-the-oxford-handbook-of-new-religious-movements-1:245,few were aware of a steady stream of disaffected members exiting these movements by the back door,0.8845799463887556,0.6087592746544147
crit-difficulty-leaving-group,De grandes difficultés voire une impossibilité pour un membre de quitter ledit groupe,literature,10,namini-et-al-2009-how-is-well-being-related-to-membership-in-new-religious-movem:1,I suffered from the group pressure and anxieties,0.8855412932335052,0.6079085346968451
crit-difficulty-leaving-group,De grandes difficultés voire une impossibilité pour un membre de quitter ledit groupe,interviews,1,b3-aug16-1517:0,And the members have to live by the rules of the group — very strict rules.,0.8065158341073195,0.6747661189293903
crit-difficulty-leaving-group,De grandes difficultés voire une impossibilité pour un membre de quitter ledit groupe,interviews,2,b3-aug16-1517:0,"Because they have a singular leader, it's not easy to get into the group, you have to go through an integration process, and it's a very closed community.",0.8211778272539754,0.662833548447482
crit-difficulty-leaving-group,De grandes difficultés voire une impossibilité pour un membre de quitter ledit groupe,interviews,3,b4-sep10-2003:0,"Yeah, because it's like, once you start, it's hard to leave.",0.8471981834590823,0.641127779321836
crit-difficulty-leaving-group,De grandes difficultés voire une impossibilité pour un membre de quitter ledit groupe,interviews,4,b1-aug08-2145:0,"And, yeah, so they are very isolated, in a way — they need to follow strict principles, there are a lot of rules, and very little contact is allowed outside of the group.",0.8493062166654203,0.6393395455332429
crit-difficulty-leaving-group,De grandes difficultés voire une impossibilité pour un membre de quitter ledit groupe,interviews,5,b3-aug22-2101:0,"des groupes fermés qui endoctrinent des gens en échange d'argent, la plupart du temps, et qui peuvent conduire à des dérives dangereuses.",0.9044062683445381,0.5910247107843185
crit-difficulty-leaving-group,De grandes difficultés voire une impossibilité pour un membre de quitter ledit groupe,interviews,6,b1-aug08-2137:0,"And, top — like, not everybody can be there, and, like, kind of a higher status.",0.9221820913102023,0.5747901470205924
crit-difficulty-leaving-group,De grandes difficultés voire une impossibilité pour un membre de quitter ledit groupe,interviews,7,ig-02:0,These would happen on sight but also kinda behind the doors and there was also several groups with different leaders.,0.9228691182091318,0.5741564832691314
crit-difficulty-leaving-group,De grandes difficultés voire une impossibilité pour un membre de quitter ledit groupe,interviews,8,b1-aug08-2128:0,"Something suspicious, something dangerous, something not normal.",0.9300905976879256,0.5674659432303257
crit-difficulty-leaving-group,De grandes difficultés voire une impossibilité pour un membre de quitter ledit groupe,interviews,9,b4-sep10-2003:0,I feel like usually the leaders are super abusive.,0.9314821965095367,0.5661707033064053
crit-difficulty-leaving-group,De grandes difficultés voire une impossibilité pour un membre de quitter ledit groupe,interviews,10,b3-aug18-1645:0,Un groupe qui suit une doctrine.,0.9409824584351562,0.5572762228975878
crit-physical-integrity-harm,"Les atteintes à l'intégrité physique des personnes en état de faiblesse et d'ignorance, et plus généralement la commission d'actes criminels ou délictueux sur des individus, majeurs ou mineurs",entities,1,submissiveness,submissiveness,1.007887025093853,0.4920818832993415
crit-physical-integrity-harm,"Les atteintes à l'intégrité physique des personnes en état de faiblesse et d'ignorance, et plus généralement la commission d'actes criminels ou délictueux sur des individus, majeurs ou mineurs",entities,2,crimes of obedience,crimes of obedience,1.0195543765726967,0.480254573938307
crit-physical-integrity-harm,"Les atteintes à l'intégrité physique des personnes en état de faiblesse et d'ignorance, et plus généralement la commission d'actes criminels ou délictueux sur des individus, majeurs ou mineurs",entities,3,conscientious objection,conscientious objection,1.0235874176897317,0.476134507403127
crit-physical-integrity-harm,"Les atteintes à l'intégrité physique des personnes en état de faiblesse et d'ignorance, et plus généralement la commission d'actes criminels ou délictueux sur des individus, majeurs ou mineurs",entities,4,dianetics: the modern science of mental health,dianetics: the modern science of mental health,1.0251660169794383,0.47451754849612343
crit-physical-integrity-harm,"Les atteintes à l'intégrité physique des personnes en état de faiblesse et d'ignorance, et plus généralement la commission d'actes criminels ou délictueux sur des individus, majeurs ou mineurs",entities,5,recovery from cults: help for victims of psychological and spiritual abuse,recovery from cults: help for victims of psychological and spiritual abuse,1.0335598489457458,0.46587686904936465
crit-physical-integrity-harm,"Les atteintes à l'intégrité physique des personnes en état de faiblesse et d'ignorance, et plus généralement la commission d'actes criminels ou délictueux sur des individus, majeurs ou mineurs",literature,1,adeliyan-tous-et-al-2023-using-law-to-limit-religious-freedom-the-case-of-new-re:22,"It is a deviation from freedom of thought, opinion or religion which undermines public order, laws or regulations, or persons' fundamental rights, security or integrity.",0.8361421271547677,0.6504331605359691
crit-physical-integrity-harm,"Les atteintes à l'intégrité physique des personnes en état de faiblesse et d'ignorance, et plus généralement la commission d'actes criminels ou délictueux sur des individus, majeurs ou mineurs",literature,2,richardson-and-introvigne-2001-brainwashing-theories-in-european-parliamentary-a:11,the goal or effect to create or to exploit the state of mental or physical dependence of people who are participating in its activities,0.8776757294878668,0.6148428539640985
crit-physical-integrity-harm,"Les atteintes à l'intégrité physique des personnes en état de faiblesse et d'ignorance, et plus généralement la commission d'actes criminels ou délictueux sur des individus, majeurs ou mineurs",literature,3,davis-and-hankins-2002-new-religious-movements-and-religious-liberty-in-america:129,"use of powers derived from evil spirits, the use of sorcery, or the use of supernatural powers with malicious intent",0.8931842367794176,0.6011111920273444
crit-physical-integrity-harm,"Les atteintes à l'intégrité physique des personnes en état de faiblesse et d'ignorance, et plus généralement la commission d'actes criminels ou délictueux sur des individus, majeurs ou mineurs",literature,4,adeliyan-tous-et-al-2023-using-law-to-limit-religious-freedom-the-case-of-new-re:8,"Groups aiming through maneuvers of psychological destabilization to obtain unconditional allegiance from their followers, a diminution in critical thinking, and a rupture with commonly accepted references (ethical, scientific, civic, educational), and entailing dangers for individual freedoms, health, education, and democratic institutions.",0.8958900339091557,0.5986905674688072
crit-physical-integrity-harm,"Les atteintes à l'intégrité physique des personnes en état de faiblesse et d'ignorance, et plus généralement la commission d'actes criminels ou délictueux sur des individus, majeurs ou mineurs",literature,5,clarke-2004-encyclopedia-of-new-religious-movements:6,Moral evil is widely understood to result from ignorance or lack of awareness of the true nature of the Self.,0.9008369919425576,0.594246233070893
crit-physical-integrity-harm,"Les atteintes à l'intégrité physique des personnes en état de faiblesse et d'ignorance, et plus généralement la commission d'actes criminels ou délictueux sur des individus, majeurs ou mineurs",literature,6,anthony-and-robbins-2009-conversion-and-brainwashing-in-new-religious-movements:1,a useful though scientifically imprecise concept which refers to an array of complex phenomena resulting in the impairment of the individual's cognitive and social functioning,0.9092862343659851,0.5865992346217735
crit-physical-integrity-harm,"Les atteintes à l'intégrité physique des personnes en état de faiblesse et d'ignorance, et plus généralement la commission d'actes criminels ou délictueux sur des individus, majeurs ou mineurs",literature,7,2008-the-oxford-handbook-of-new-religious-movements-1:225,a useful though scientifically imprecise concept which refers to an array of complex phenomena resulting in the impairment of the individual's cognitive and social functioning,0.9092862343659851,0.5865992346217735
crit-physical-integrity-harm,"Les atteintes à l'intégrité physique des personnes en état de faiblesse et d'ignorance, et plus généralement la commission d'actes criminels ou délictueux sur des individus, majeurs ou mineurs",literature,8,lucas-and-robbins-2004-new-religious-movements-in-the-twenty-first-century:1,"Religious persecution, meaning violence in which the religion of the persecuted or the persecutor is a factor, affects all religious groups.",0.9154261175864125,0.5809974387245492
crit-physical-integrity-harm,"Les atteintes à l'intégrité physique des personnes en état de faiblesse et d'ignorance, et plus généralement la commission d'actes criminels ou délictueux sur des individus, majeurs ou mineurs",literature,9,lucas-and-robbins-2004-new-religious-movements-in-the-twenty-first-century:44,the criminal activities of sectarian groups that seriously threaten the integrity of the State and citizens,0.9253615327915198,0.5718528529370899
crit-physical-integrity-harm,"Les atteintes à l'intégrité physique des personnes en état de faiblesse et d'ignorance, et plus généralement la commission d'actes criminels ou délictueux sur des individus, majeurs ou mineurs",literature,10,bromley-2007-teaching-new-religious-movementslearning-from-new-religious-movemen:25,"CAGs ask ''What do the movements do that is actually or potentially harmful to their own members, to other people and/or to society in general?''",0.9277324181586167,0.5696563095250747
crit-physical-integrity-harm,"Les atteintes à l'intégrité physique des personnes en état de faiblesse et d'ignorance, et plus généralement la commission d'actes criminels ou délictueux sur des individus, majeurs ou mineurs",interviews,1,b1-aug08-2128:0,"Something suspicious, something dangerous, something not normal.",0.9257979464913633,0.5714491771359923
crit-physical-integrity-harm,"Les atteintes à l'intégrité physique des personnes en état de faiblesse et d'ignorance, et plus généralement la commission d'actes criminels ou délictueux sur des individus, majeurs ou mineurs",interviews,2,b1-aug08-2128:0,"I would say it's people participating in something, and then there's a person who has another agenda and kind of manipulates them, and uses, like — their, I don't know — participation, or — I think that's not the right word — but, like, their willingness, and, like, their good [nature] to participate in something.",0.9342979257849566,0.5635436014551982
crit-physical-integrity-harm,"Les atteintes à l'intégrité physique des personnes en état de faiblesse et d'ignorance, et plus généralement la commission d'actes criminels ou délictueux sur des individus, majeurs ou mineurs",interviews,3,b1-aug08-2128:0,"Um — ""Missbrauch"" [German for ""abuse""/""misuse""].",0.948744166030663,0.5499421426406329
crit-physical-integrity-harm,"Les atteintes à l'intégrité physique des personnes en état de faiblesse et d'ignorance, et plus généralement la commission d'actes criminels ou délictueux sur des individus, majeurs ou mineurs",interviews,4,b1-aug08-2128:0,"Yeah, because when you have a religion, I don't know — you're all having the same thoughts, beliefs, for one thing, and it's like the common knowledge more, it is, okay — whereas with a cult, it's more — um, like, my opinion, it's — I don't know — someone is [misusing, ""Missbrauch""] — [?heavily garbled stammering — see notes] — I think that it's the misuse, the distortion, the distortion, the disrespect — like, you're not doing what you should, what you're intending to do, and you're not doing what other people are expecting you to do — from, like, a moral, spiritual point of view, or — yes, ethically, ethically, morally, I think, all these.",0.9596329303385037,0.5395521748001231
crit-physical-integrity-harm,"Les atteintes à l'intégrité physique des personnes en état de faiblesse et d'ignorance, et plus généralement la commission d'actes criminels ou délictueux sur des individus, majeurs ou mineurs",interviews,5,ig-07:0,"But I suppose most commonly I'd consider groups of people with some commonly considered 'alternative' beliefs and a person, figure or certain idea as a central element within their communal belief system.",0.9783922642098233,0.5213742050213751
crit-physical-integrity-harm,"Les atteintes à l'intégrité physique des personnes en état de faiblesse et d'ignorance, et plus généralement la commission d'actes criminels ou délictueux sur des individus, majeurs ou mineurs",interviews,6,b1-aug09-2048:0,"something nasty, something really nasty.",0.9813959597488123,0.5184309883751426
crit-physical-integrity-harm,"Les atteintes à l'intégrité physique des personnes en état de faiblesse et d'ignorance, et plus généralement la commission d'actes criminels ou délictueux sur des individus, majeurs ou mineurs",interviews,7,b1-aug09-2048:0,"Yeah, it can be just your boss at work, it can be your military commander, it can be your church commander — your cult commander — but as long as you make people unequal, and somebody's going to be a little afraid to tell you when you touch me on my nipples — you might eventually touch me on my nipples.",0.9819891732081472,0.5178485907413564
crit-physical-integrity-harm,"Les atteintes à l'intégrité physique des personnes en état de faiblesse et d'ignorance, et plus généralement la commission d'actes criminels ou délictueux sur des individus, majeurs ou mineurs",interviews,8,b1-aug12-1231:0,"And then secondly, religious cults.",0.9867350822963404,0.5131771577761246
crit-physical-integrity-harm,"Les atteintes à l'intégrité physique des personnes en état de faiblesse et d'ignorance, et plus généralement la commission d'actes criminels ou délictueux sur des individus, majeurs ou mineurs",interviews,9,b1-aug11-2011:0,"It means committing to rules, committing to maybe a financial engagement, and it comes with giving up some individual freedoms, let's say.",0.9872990355301804,0.5126204877279812
crit-physical-integrity-harm,"Les atteintes à l'intégrité physique des personnes en état de faiblesse et d'ignorance, et plus généralement la commission d'actes criminels ou délictueux sur des individus, majeurs ou mineurs",interviews,10,b1-aug08-2137:0,"Okay, no — that can be — this goes more into the religious and against a particular topic, but in a super extreme way.",0.9903494806510604,0.509603992855551
crit-public-order-contestation,La contestation des institutions et les troubles à l'ordre public ; la menace d'atteinte à l'ordre public,entities,1,religion and the social order,religion and the social order,0.9338999148018571,0.5639155820366623
crit-public-order-contestation,La contestation des institutions et les troubles à l'ordre public ; la menace d'atteinte à l'ordre public,entities,2,conscientious objection,conscientious objection,0.9667450997182866,0.532701971149482
crit-public-order-contestation,La contestation des institutions et les troubles à l'ordre public ; la menace d'atteinte à l'ordre public,entities,3,the constitution of society,the constitution of society,1.000071014783929,0.4999285848708546
crit-public-order-contestation,La contestation des institutions et les troubles à l'ordre public ; la menace d'atteinte à l'ordre public,entities,4,women and the state,women and the state,1.005932315638507,0.49405003011385407
crit-public-order-contestation,La contestation des institutions et les troubles à l'ordre public ; la menace d'atteinte à l'ordre public,entities,5,demonstration,demonstration,1.0067622534608731,0.4932146669762581
crit-public-order-contestation,La contestation des institutions et les troubles à l'ordre public ; la menace d'atteinte à l'ordre public,literature,1,adeliyan-tous-et-al-2023-using-law-to-limit-religious-freedom-the-case-of-new-re:22,"It is a deviation from freedom of thought, opinion or religion which undermines public order, laws or regulations, or persons' fundamental rights, security or integrity.",0.9141809109001952,0.582136544989724
crit-public-order-contestation,La contestation des institutions et les troubles à l'ordre public ; la menace d'atteinte à l'ordre public,literature,2,lucas-and-robbins-2004-new-religious-movements-in-the-twenty-first-century:116,religious movements may be seen as constituting a threat to political authority,0.9143595116753505,0.5819732096447061
crit-public-order-contestation,La contestation des institutions et les troubles à l'ordre public ; la menace d'atteinte à l'ordre public,literature,3,bromley-2007-teaching-new-religious-movementslearning-from-new-religious-movemen:13,NRMs are regarded as a social problem because they pose a challenge to the established social order.,0.9154206229980633,0.5810023346249291
crit-public-order-contestation,La contestation des institutions et les troubles à l'ordre public ; la menace d'atteinte à l'ordre public,literature,4,lucas-and-robbins-2004-new-religious-movements-in-the-twenty-first-century:116,religious power and authority are threatened directly or indirectly by the religious claims of these newer groups,0.9267142336217544,0.5706004237181459
crit-public-order-contestation,La contestation des institutions et les troubles à l'ordre public ; la menace d'atteinte à l'ordre public,literature,5,lucas-and-robbins-2004-new-religious-movements-in-the-twenty-first-century:270,Sensational Episodes of Violence in NRMs and Public Perceptions of the Growing Threat to Public Order Posed by New and Minority Religions,0.9346781765778579,0.5631882621032888
crit-public-order-contestation,La contestation des institutions et les troubles à l'ordre public ; la menace d'atteinte à l'ordre public,literature,6,dawson-2009-cults-and-new-religious-movements-a-reader:71,"The equation seemed obvious: claims of personal revelation led to violent subversion and unrestrained sexuality, which if unchecked would destroy the social order.",0.9349491351678173,0.5629350493740044
crit-public-order-contestation,La contestation des institutions et les troubles à l'ordre public ; la menace d'atteinte à l'ordre public,literature,7,adeliyan-tous-et-al-2023-using-law-to-limit-religious-freedom-the-case-of-new-re:8,"Groups aiming through maneuvers of psychological destabilization to obtain unconditional allegiance from their followers, a diminution in critical thinking, and a rupture with commonly accepted references (ethical, scientific, civic, educational), and entailing dangers for individual freedoms, health, education, and democratic institutions.",0.9364075534059596,0.5615704184751367
crit-public-order-contestation,La contestation des institutions et les troubles à l'ordre public ; la menace d'atteinte à l'ordre public,literature,8,2023-decoding-delusions-a-clinician-s-guide-to-working-with-delusions-and-other:170,Di Mambro had to face not just internal dissent but also people who knew too much and could have seriously threatened his status.,0.9524404703190523,0.546428628567961
crit-public-order-contestation,La contestation des institutions et les troubles à l'ordre public ; la menace d'atteinte à l'ordre public,literature,9,chung-et-al-2006-mounting-challenges-to-governance-in-china-surveying-collective:3,organizing and using evil cults and superstitious sects to undermine law enforcement and public order,0.9528883644087375,0.5460016802608472
crit-public-order-contestation,La contestation des institutions et les troubles à l'ordre public ; la menace d'atteinte à l'ordre public,literature,10,2008-the-oxford-handbook-of-new-religious-movements-1:250,"Conventionalism and conformity (there are conspicuous exceptions, however, in terms of egregiously antinomian groups).",0.9535910698066725,0.5453320811536241
crit-public-order-contestation,La contestation des institutions et les troubles à l'ordre public ; la menace d'atteinte à l'ordre public,interviews,1,b1-aug08-2128:0,"Something suspicious, something dangerous, something not normal.",0.9355767546178388,0.5623480898384192
crit-public-order-contestation,La contestation des institutions et les troubles à l'ordre public ; la menace d'atteinte à l'ordre public,interviews,2,ig-06:0,"attempting to deviate from academic norms through “breaking boundaries”, central figure with authoritative behavior and high controlled dynamic with attempts at isolating members from larger communities",0.9696587177932122,0.5298808921838546
crit-public-order-contestation,La contestation des institutions et les troubles à l'ordre public ; la menace d'atteinte à l'ordre public,interviews,3,b3-aug22-2057:0,"Manipulation, groupe, idéologie.",0.9724122269284935,0.5272071330967341
crit-public-order-contestation,La contestation des institutions et les troubles à l'ordre public ; la menace d'atteinte à l'ordre public,interviews,4,b1-aug08-2128:0,And also something a little bit frightening.,0.9785468818513141,0.5212230638946991
crit-public-order-contestation,La contestation des institutions et les troubles à l'ordre public ; la menace d'atteinte à l'ordre public,interviews,5,b1-aug12-1231:0,"And then secondly, religious cults.",0.9876179886539455,0.5123054886941982
crit-public-order-contestation,La contestation des institutions et les troubles à l'ordre public ; la menace d'atteinte à l'ordre public,interviews,6,b1-aug08-2128:0,"Yeah, exactly — he's famous for abusing the trust — the trust, the consent, of the people — and using it for his own purposes.",0.9899579921462133,0.5099915906267173
crit-public-order-contestation,La contestation des institutions et les troubles à l'ordre public ; la menace d'atteinte à l'ordre public,interviews,7,b1-aug08-2128:0,"I would say it's people participating in something, and then there's a person who has another agenda and kind of manipulates them, and uses, like — their, I don't know — participation, or — I think that's not the right word — but, like, their willingness, and, like, their good [nature] to participate in something.",0.9955575445246807,0.5044323974906549
crit-public-order-contestation,La contestation des institutions et les troubles à l'ordre public ; la menace d'atteinte à l'ordre public,interviews,8,b1-aug11-2011:0,"And also, the things that make me address them as such is the fact that they keep trying to include more and more people, and they exert pressure on people to make them join their group — which, I take for granted, comes also with a financial commitment, for example, I don't know.",0.9963900768996202,0.5036033621262205
crit-public-order-contestation,La contestation des institutions et les troubles à l'ordre public ; la menace d'atteinte à l'ordre public,interviews,9,b1-aug09-2048:0,"something nasty, something really nasty.",0.9984143581575031,0.5015843012036629
crit-public-order-contestation,La contestation des institutions et les troubles à l'ordre public ; la menace d'atteinte à l'ordre public,interviews,10,ig-02:0,These would happen on sight but also kinda behind the doors and there was also several groups with different leaders.,1.0019840115437295,0.49801403096501967
crit-legal-disputes,L'importance des démêlés judiciaires,entities,1,thelema,thelema,1.0443828565977995,0.4546324798970886
crit-legal-disputes,L'importance des démêlés judiciaires,entities,2,dramatic denouements,dramatic denouements,1.0489948891672725,0.4498050460034584
crit-legal-disputes,L'importance des démêlés judiciaires,entities,3,dramatic denouement,dramatic denouement,1.0512435550294885,0.44744378032162846
crit-legal-disputes,L'importance des démêlés judiciaires,entities,4,deima,deima,1.0533045247549722,0.4452750220257201
crit-legal-disputes,L'importance des démêlés judiciaires,entities,5,deprogramming,deprogramming,1.0587798715400825,0.4394929116233663
crit-legal-disputes,L'importance des démêlés judiciaires,literature,1,lucas-and-robbins-2004-new-religious-movements-in-the-twenty-first-century:272,it is necessary to prove that there exists a specific danger that an act of indiscriminate mass murder may be committed,0.9613908407212391,0.5378640334342843
crit-legal-disputes,L'importance des démêlés judiciaires,literature,2,2023-decoding-delusions-a-clinician-s-guide-to-working-with-delusions-and-other:162,"the hottest [police] file on the planet, the most important of the decade if not of the century",0.9926231433138032,0.507349712950425
crit-legal-disputes,L'importance des démêlés judiciaires,literature,3,lucas-and-robbins-2004-new-religious-movements-in-the-twenty-first-century:39,the fight against sects should be a necessary aspect of the protection of individual liberties,0.9966937795446322,0.5033008107737997
crit-legal-disputes,L'importance des démêlés judiciaires,literature,4,2008-the-oxford-handbook-of-new-religious-movements-1:13,the legal arena is the most significant in terms of its direct impact on the organizational functioning of NRMs,0.9995500262030914,0.5004501731925828
crit-legal-disputes,L'importance des démêlés judiciaires,literature,5,2023-decoding-delusions-a-clinician-s-guide-to-working-with-delusions-and-other:75,The suppression of negative feedback is deemed crucial,1.0049501323259387,0.49503805358232866
crit-legal-disputes,L'importance des démêlés judiciaires,literature,6,lewis-and-t-llefsen-2016-the-oxford-handbook-of-new-religious-movements-volume-i:36,Compensators come in various kinds and degrees of importance.,1.0202054328932422,0.47959061422916804
crit-legal-disputes,L'importance des démêlés judiciaires,literature,7,lalich-2004-bounded-choicetrue-believers-and-charismatic-cults:211,the leader's part in this system cannot be ignored,1.0219494020661595,0.4778097962269098
crit-legal-disputes,L'importance des démêlés judiciaires,literature,8,bromley-2007-teaching-new-religious-movementslearning-from-new-religious-movemen:16,disengagement/defection,1.0223300548177434,0.4774207969243105
crit-legal-disputes,L'importance des démêlés judiciaires,literature,9,lalich-2004-bounded-choicetrue-believers-and-charismatic-cults:210,the deselection process helped to solidify the commitment of those who stayed,1.0238159293174804,0.47590052282831097
crit-legal-disputes,L'importance des démêlés judiciaires,literature,10,adeliyan-tous-et-al-2023-using-law-to-limit-religious-freedom-the-case-of-new-re:10,a significant legal arsenal permits the State to sanction the sectarian drifts,1.0251559555484293,0.47452776954855014
crit-legal-disputes,L'importance des démêlés judiciaires,interviews,1,b2-aug13-1832:0,That's interesting.,1.05952512113592,0.4387036198751861
crit-legal-disputes,L'importance des démêlés judiciaires,interviews,2,b1-aug08-2128:0,"Yes, interesting.",1.0616493659610602,0.43645044207284883
crit-legal-disputes,L'importance des démêlés judiciaires,interviews,3,b1-aug09-2048:0,"He raised this subject specifically — that we should stop pointing fingers at Catholics for being pedophiles and whatever, because we have our own hands kind of dirty too.",1.0721806758247816,0.42521433542375386
crit-legal-disputes,L'importance des démêlés judiciaires,interviews,4,b1-aug08-2128:0,"Something suspicious, something dangerous, something not normal.",1.0809261538519874,0.41579961627949885
crit-legal-disputes,L'importance des démêlés judiciaires,interviews,5,b1-aug09-2048:0,Please check.,1.0821625357229965,0.4144621395889181
crit-legal-disputes,L'importance des démêlés judiciaires,interviews,6,b3-aug22-2057:0,"Manipulation, groupe, idéologie.",1.083474668809319,0.4130414637042249
crit-legal-disputes,L'importance des démêlés judiciaires,interviews,7,b1-aug06-1955:0,"And I kind of — yeah, it's interesting.",1.0844183069062203,0.41201876674804044
crit-legal-disputes,L'importance des démêlés judiciaires,interviews,8,b1-aug06-1955:0,"So for you, the main component is this influence thing.",1.084851262975515,0.41154912322296144
crit-legal-disputes,L'importance des démêlés judiciaires,interviews,9,b4-sep10-1838:0,"Je veux dire les Raëliens, parce qu'on en a parlé à la télé, surtout beaucoup.",1.0879751236395616,0.4081553508075817
crit-legal-disputes,L'importance des démêlés judiciaires,interviews,10,b3-aug23-1213:0,ça peut être large.,1.088962696591869,0.4070802385152045
crit-financial-demands-opacity,"Le caractère exorbitant des exigences financières ; la violation des règlements ou de la loi (travail illégal, formation professionnelle déviante…) et/ou l'opacité de la gestion financière",entities,1,conformity,conformity,1.017245258144437,0.4826058879763927
crit-financial-demands-opacity,"Le caractère exorbitant des exigences financières ; la violation des règlements ou de la loi (travail illégal, formation professionnelle déviante…) et/ou l'opacité de la gestion financière",entities,2,regulating religion,regulating religion,1.0218057752257794,0.47795632759000245
crit-financial-demands-opacity,"Le caractère exorbitant des exigences financières ; la violation des règlements ou de la loi (travail illégal, formation professionnelle déviante…) et/ou l'opacité de la gestion financière",entities,3,coercive persuasion,coercive persuasion,1.0274002691249977,0.4722242714778627
crit-financial-demands-opacity,"Le caractère exorbitant des exigences financières ; la violation des règlements ou de la loi (travail illégal, formation professionnelle déviante…) et/ou l'opacité de la gestion financière",entities,4,misunderstanding cults: searching for objectivity in a controversial field,misunderstanding cults: searching for objectivity in a controversial field,1.0358754646408181,0.46348093070508933
crit-financial-demands-opacity,"Le caractère exorbitant des exigences financières ; la violation des règlements ou de la loi (travail illégal, formation professionnelle déviante…) et/ou l'opacité de la gestion financière",entities,5,les dérives sectaires,les dérives sectaires,1.0453269630014839,0.4536454653042252
crit-financial-demands-opacity,"Le caractère exorbitant des exigences financières ; la violation des règlements ou de la loi (travail illégal, formation professionnelle déviante…) et/ou l'opacité de la gestion financière",literature,1,lewis-and-t-llefsen-2016-the-oxford-handbook-of-new-religious-movements-volume-i:33,"a religion may present barriers to accessibility where its members are of a particular color or caste, conduct their ceremonies in a foreign language, or dress in a way that could be considered culturally inappropriate",0.920768543757921,0.5760926203177074
crit-financial-demands-opacity,"Le caractère exorbitant des exigences financières ; la violation des règlements ou de la loi (travail illégal, formation professionnelle déviante…) et/ou l'opacité de la gestion financière",literature,2,richardson-2018-definitions-of-cult-from-sociological-technical-to-popular-negat:4,requiring a high degree of conformity and commitment.,0.9216336262468134,0.5752955115934539
crit-financial-demands-opacity,"Le caractère exorbitant des exigences financières ; la violation des règlements ou de la loi (travail illégal, formation professionnelle déviante…) et/ou l'opacité de la gestion financière",literature,3,2008-the-oxford-handbook-of-new-religious-movements-1:250,"Conventionalism and conformity (there are conspicuous exceptions, however, in terms of egregiously antinomian groups).",0.933956220297194,0.5638628858057833
crit-financial-demands-opacity,"Le caractère exorbitant des exigences financières ; la violation des règlements ou de la loi (travail illégal, formation professionnelle déviante…) et/ou l'opacité de la gestion financière",literature,4,clarke-2004-encyclopedia-of-new-religious-movements:688,"People who lacked a strong sense of boundaries, or conversely, were too rigid and set in their ways, were deemed unsuitable.",0.9382711882592838,0.5598236042508103
crit-financial-demands-opacity,"Le caractère exorbitant des exigences financières ; la violation des règlements ou de la loi (travail illégal, formation professionnelle déviante…) et/ou l'opacité de la gestion financière",literature,5,adeliyan-tous-et-al-2023-using-law-to-limit-religious-freedom-the-case-of-new-re:22,"It is a deviation from freedom of thought, opinion or religion which undermines public order, laws or regulations, or persons' fundamental rights, security or integrity.",0.9405579918816878,0.5576751931740203
crit-financial-demands-opacity,"Le caractère exorbitant des exigences financières ; la violation des règlements ou de la loi (travail illégal, formation professionnelle déviante…) et/ou l'opacité de la gestion financière",literature,6,saliba-2009-psychology-and-the-new-religious-movements:4,They frequently refer to the movements as malevolent and destructive cults or totalistic groups that demand hyper-compliance and use coercive power and undue authority.,0.9496932007829614,0.5490413293589284
crit-financial-demands-opacity,"Le caractère exorbitant des exigences financières ; la violation des règlements ou de la loi (travail illégal, formation professionnelle déviante…) et/ou l'opacité de la gestion financière",literature,7,davis-and-hankins-2002-new-religious-movements-and-religious-liberty-in-america:154,"Religions that are apt to need protection are those that the majority may perceive as obnoxious, weird, mysterious, peculiar, and nontraditional.",0.9500444980101488,0.548707619138657
crit-financial-demands-opacity,"Le caractère exorbitant des exigences financières ; la violation des règlements ou de la loi (travail illégal, formation professionnelle déviante…) et/ou l'opacité de la gestion financière",literature,8,2008-the-oxford-handbook-of-new-religious-movements-1:295,They frequently refer to the movements as malevolent and destructive cults or totalistic groups that demand hypercompliance and use coercive power and undue authority.,0.9505024303553372,0.5482724485645611
crit-financial-demands-opacity,"Le caractère exorbitant des exigences financières ; la violation des règlements ou de la loi (travail illégal, formation professionnelle déviante…) et/ou l'opacité de la gestion financière",literature,9,2008-the-oxford-handbook-of-new-religious-movements-1:250,"Evangelism, or concern with proselytization (there may be exceptions here in terms of groups which have isolated themselves in such a way as to inhibit outreach-such groups may be particularly volatile).",0.9512576927341214,0.5475542589745661
crit-financial-demands-opacity,"Le caractère exorbitant des exigences financières ; la violation des règlements ou de la loi (travail illégal, formation professionnelle déviante…) et/ou l'opacité de la gestion financière",literature,10,davis-and-hankins-2002-new-religious-movements-and-religious-liberty-in-america:88,"The characteristics that cause concern can be grouped under the three headings of 'interaction factors,' 'internal factors,' and 'belief factors.'",0.9527715078395588,0.5461130358730465
crit-financial-demands-opacity,"Le caractère exorbitant des exigences financières ; la violation des règlements ou de la loi (travail illégal, formation professionnelle déviante…) et/ou l'opacité de la gestion financière",interviews,1,ig-06:0,"attempting to deviate from academic norms through “breaking boundaries”, central figure with authoritative behavior and high controlled dynamic with attempts at isolating members from larger communities",0.9519811126982295,0.5468658417625184
crit-financial-demands-opacity,"Le caractère exorbitant des exigences financières ; la violation des règlements ou de la loi (travail illégal, formation professionnelle déviante…) et/ou l'opacité de la gestion financière",interviews,2,b1-aug11-2011:0,"It means committing to rules, committing to maybe a financial engagement, and it comes with giving up some individual freedoms, let's say.",0.959138882399512,0.5400263427315621
crit-financial-demands-opacity,"Le caractère exorbitant des exigences financières ; la violation des règlements ou de la loi (travail illégal, formation professionnelle déviante…) et/ou l'opacité de la gestion financière",interviews,3,b1-aug11-2011:0,"And also, the things that make me address them as such is the fact that they keep trying to include more and more people, and they exert pressure on people to make them join their group — which, I take for granted, comes also with a financial commitment, for example, I don't know.",0.965596837940386,0.5338112806001908
crit-financial-demands-opacity,"Le caractère exorbitant des exigences financières ; la violation des règlements ou de la loi (travail illégal, formation professionnelle déviante…) et/ou l'opacité de la gestion financière",interviews,4,b1-aug08-2137:0,"Okay, no — that can be — this goes more into the religious and against a particular topic, but in a super extreme way.",0.96978808026443,0.5297554451648756
crit-financial-demands-opacity,"Le caractère exorbitant des exigences financières ; la violation des règlements ou de la loi (travail illégal, formation professionnelle déviante…) et/ou l'opacité de la gestion financière",interviews,5,b1-aug08-2128:0,"Something suspicious, something dangerous, something not normal.",0.9741740200993907,0.5254924617157644
crit-financial-demands-opacity,"Le caractère exorbitant des exigences financières ; la violation des règlements ou de la loi (travail illégal, formation professionnelle déviante…) et/ou l'opacité de la gestion financière",interviews,6,b1-aug08-1420:0,"And, like, yeah, I kind of just think, ""okay, I don't want that information in my brain anymore.""  Yeah, so I guess I also see that often — in examples I've seen but don't remember the names of — religion, or some sort of spirituality, was used and then, like, exaggerated.",0.9765185447389889,0.5232058222105416
crit-financial-demands-opacity,"Le caractère exorbitant des exigences financières ; la violation des règlements ou de la loi (travail illégal, formation professionnelle déviante…) et/ou l'opacité de la gestion financière",interviews,7,b1-aug09-2048:0,"And this is a strictly hierarchical system, so, of course, there's going to be power imbalances, and whenever there's a power imbalance, there's going to be exploitation.",0.9852017667997057,0.514688710907919
crit-financial-demands-opacity,"Le caractère exorbitant des exigences financières ; la violation des règlements ou de la loi (travail illégal, formation professionnelle déviante…) et/ou l'opacité de la gestion financière",interviews,8,b1-aug08-2137:0,"And, top — like, not everybody can be there, and, like, kind of a higher status.",0.9916616446457254,0.5083033916135918
crit-financial-demands-opacity,"Le caractère exorbitant des exigences financières ; la violation des règlements ou de la loi (travail illégal, formation professionnelle déviante…) et/ou l'opacité de la gestion financière",interviews,9,b1-aug08-2128:0,"I would say it's people participating in something, and then there's a person who has another agenda and kind of manipulates them, and uses, like — their, I don't know — participation, or — I think that's not the right word — but, like, their willingness, and, like, their good [nature] to participate in something.",0.9943938685050797,0.5055901740357771
crit-financial-demands-opacity,"Le caractère exorbitant des exigences financières ; la violation des règlements ou de la loi (travail illégal, formation professionnelle déviante…) et/ou l'opacité de la gestion financière",interviews,10,b3-aug22-2101:0,C'est pas forcément très bien.,0.9992886369646572,0.5007108170794444
crit-infiltration-public-authorities,Les tentatives d'infiltration des pouvoirs publics,entities,1,brainwashing,brainwashing,0.9342285116419844,0.563608448467986
crit-infiltration-public-authorities,Les tentatives d'infiltration des pouvoirs publics,entities,2,media trickery,media trickery,0.9483131206439991,0.5503509680355195
crit-infiltration-public-authorities,Les tentatives d'infiltration des pouvoirs publics,entities,3,les dérives sectaires,les dérives sectaires,0.9554620596520778,0.5435458945289674
crit-infiltration-public-authorities,Les tentatives d'infiltration des pouvoirs publics,entities,4,mystical manipulation,mystical manipulation,0.9630939147194292,0.5362250149688749
crit-infiltration-public-authorities,Les tentatives d'infiltration des pouvoirs publics,entities,5,coercive persuasion,coercive persuasion,0.9667310511189301,0.5327154971603096
crit-infiltration-public-authorities,Les tentatives d'infiltration des pouvoirs publics,literature,1,dawson-2009-cults-and-new-religious-movements-a-reader:150,Mystical manipulation .,0.8683245948190214,0.6230061424836932
crit-infiltration-public-authorities,Les tentatives d'infiltration des pouvoirs publics,literature,2,lewis-and-t-llefsen-2016-the-oxford-handbook-of-new-religious-movements-volume-i:188,Conspiracy theories about NRMs may involve authorities as well as be motivated from the grassroots.,0.8975219132280504,0.5972273043271265
crit-infiltration-public-authorities,Les tentatives d'infiltration des pouvoirs publics,literature,3,lucas-and-robbins-2004-new-religious-movements-in-the-twenty-first-century:116,religious movements may be seen as constituting a threat to political authority,0.9130907611463057,0.583132475335377
crit-infiltration-public-authorities,Les tentatives d'infiltration des pouvoirs publics,literature,4,2008-the-oxford-handbook-of-new-religious-movements-1:35,brainwashing,0.9180616836795492,0.5785810894180241
crit-infiltration-public-authorities,Les tentatives d'infiltration des pouvoirs publics,literature,5,lucas-and-robbins-2004-new-religious-movements-in-the-twenty-first-century:185,brainwashing,0.9180616836795492,0.5785810894180241
crit-infiltration-public-authorities,Les tentatives d'infiltration des pouvoirs publics,literature,6,hexham-et-al-2001-new-religious-movements-challenge-and-response:114,brainwashing,0.9180616836795492,0.5785810894180241
crit-infiltration-public-authorities,Les tentatives d'infiltration des pouvoirs publics,literature,7,clarke-2004-encyclopedia-of-new-religious-movements:92,brainwashing,0.9180616836795492,0.5785810894180241
crit-infiltration-public-authorities,Les tentatives d'infiltration des pouvoirs publics,literature,8,bromley-2007-teaching-new-religious-movementslearning-from-new-religious-movemen:23,brainwashing,0.9180616836795492,0.5785810894180241
crit-infiltration-public-authorities,Les tentatives d'infiltration des pouvoirs publics,literature,9,richardson-and-introvigne-2001-brainwashing-theories-in-european-parliamentary-a:6,brainwashing,0.9180616836795492,0.5785810894180241
crit-infiltration-public-authorities,Les tentatives d'infiltration des pouvoirs publics,literature,10,anthony-and-robbins-2009-conversion-and-brainwashing-in-new-religious-movements:19,brainwashing,0.9180616836795492,0.5785810894180241
crit-infiltration-public-authorities,Les tentatives d'infiltration des pouvoirs publics,interviews,1,b3-aug22-2057:0,"Manipulation, groupe, idéologie.",0.902139964160442,0.5930716353773426
crit-infiltration-public-authorities,Les tentatives d'infiltration des pouvoirs publics,interviews,2,ig-06:0,"attempting to deviate from academic norms through “breaking boundaries”, central figure with authoritative behavior and high controlled dynamic with attempts at isolating members from larger communities",0.9288345207907398,0.5686331061082306
crit-infiltration-public-authorities,Les tentatives d'infiltration des pouvoirs publics,interviews,3,b2-aug13-1840:0,Somehow they try to convince people to join the cult.,0.9316844291862709,0.5659817982757552
crit-infiltration-public-authorities,Les tentatives d'infiltration des pouvoirs publics,interviews,4,ig-02:0,These would happen on sight but also kinda behind the doors and there was also several groups with different leaders.,0.9526628285141056,0.5462167511753088
crit-infiltration-public-authorities,Les tentatives d'infiltration des pouvoirs publics,interviews,5,b1-aug08-2145:0,"So, yeah, kind of those stories of people trying to escape those cults.",0.9550103116758264,0.5439775926875732
crit-infiltration-public-authorities,Les tentatives d'infiltration des pouvoirs publics,interviews,6,b3-aug23-1213:0,Des groupements...,0.9561508972313214,0.5428875432700154
crit-infiltration-public-authorities,Les tentatives d'infiltration des pouvoirs publics,interviews,7,b3-aug18-1645:0,"Et donc je suppose que les instances politiques font en sorte de fermer les sectes, quoi ?",0.9590646553856459,0.5400974894188626
crit-infiltration-public-authorities,Les tentatives d'infiltration des pouvoirs publics,interviews,8,b1-aug11-2011:0,This comes to my mind.,0.9724117762479815,0.5272075422517206
crit-infiltration-public-authorities,Les tentatives d'infiltration des pouvoirs publics,interviews,9,b1-aug09-2048:0,exploitation?,0.9765843775043531,0.5231414203737675
crit-infiltration-public-authorities,Les tentatives d'infiltration des pouvoirs publics,interviews,10,b1-aug08-2128:0,"I would say it's people participating in something, and then there's a person who has another agenda and kind of manipulates them, and uses, like — their, I don't know — participation, or — I think that's not the right word — but, like, their willingness, and, like, their good [nature] to participate in something.",0.9794636782136447,0.5203252398224641
crit-dubious-care-exclusive,L'offre de soins et de médicaments douteux et exclusive du recours à des pratiques conventionnelles,entities,1,bounded choice,bounded choice,0.9953027473606578,0.504686047618963
crit-dubious-care-exclusive,L'offre de soins et de médicaments douteux et exclusive du recours à des pratiques conventionnelles,entities,2,christian deviations,christian deviations,0.9980278616626508,0.5019701650425974
crit-dubious-care-exclusive,L'offre de soins et de médicaments douteux et exclusive du recours à des pratiques conventionnelles,entities,3,les dérives sectaires,les dérives sectaires,1.0253419314394947,0.47433665654535595
crit-dubious-care-exclusive,L'offre de soins et de médicaments douteux et exclusive du recours à des pratiques conventionnelles,entities,4,a social psychological critique of 'brainwashing' claims about recruitment to new religions,a social psychological critique of 'brainwashing' claims about recruitment to new religions,1.0296542964595519,0.4699057752366128
crit-dubious-care-exclusive,L'offre de soins et de médicaments douteux et exclusive du recours à des pratiques conventionnelles,entities,5,mystical manipulation,mystical manipulation,1.0305703225995377,0.4689623196627729
crit-dubious-care-exclusive,L'offre de soins et de médicaments douteux et exclusive du recours à des pratiques conventionnelles,literature,1,shingange-2021-african-pentecostal-mission-and-new-religious-movements-a-critica:8,unusual practices,0.9023123892746611,0.5929161550590629
crit-dubious-care-exclusive,L'offre de soins et de médicaments douteux et exclusive du recours à des pratiques conventionnelles,literature,2,2008-the-oxford-handbook-of-new-religious-movements-1:294,the generalization that cults are detrimental to one's mental health is 'doubtful.',0.9048551933955542,0.5906184146822382
crit-dubious-care-exclusive,L'offre de soins et de médicaments douteux et exclusive du recours à des pratiques conventionnelles,literature,3,2008-the-oxford-handbook-of-new-religious-movements-1:225,a useful though scientifically imprecise concept which refers to an array of complex phenomena resulting in the impairment of the individual's cognitive and social functioning,0.9286898772741187,0.5687673855138313
crit-dubious-care-exclusive,L'offre de soins et de médicaments douteux et exclusive du recours à des pratiques conventionnelles,literature,4,anthony-and-robbins-2009-conversion-and-brainwashing-in-new-religious-movements:1,a useful though scientifically imprecise concept which refers to an array of complex phenomena resulting in the impairment of the individual's cognitive and social functioning,0.9286898772741187,0.5687673855138313
crit-dubious-care-exclusive,L'offre de soins et de médicaments douteux et exclusive du recours à des pratiques conventionnelles,literature,5,kaplan-and-l-w-2002-2-the-cult-the-cultic-milieu-and-secularization:23,"the sum of unorthodox and deviant belief systems together with their practices, institutions and personnel",0.9300975316309001,0.5674592146378756
crit-dubious-care-exclusive,L'offre de soins et de médicaments douteux et exclusive du recours à des pratiques conventionnelles,literature,6,dawson-2009-cults-and-new-religious-movements-a-reader:29,NRMs are under suspicion if their members do not avail themselves of publicly available medical services or personnel.,0.932019161739209,0.5656700549644047
crit-dubious-care-exclusive,L'offre de soins et de médicaments douteux et exclusive du recours à des pratiques conventionnelles,literature,7,bromley-2007-teaching-new-religious-movementslearning-from-new-religious-movemen:22,methodological doubting,0.9426915639320836,0.5556661294979486
crit-dubious-care-exclusive,L'offre de soins et de médicaments douteux et exclusive du recours à des pratiques conventionnelles,literature,8,davis-and-hankins-2002-new-religious-movements-and-religious-liberty-in-america:154,"Religions that are apt to need protection are those that the majority may perceive as obnoxious, weird, mysterious, peculiar, and nontraditional.",0.9444728001840325,0.5539854492369165
crit-dubious-care-exclusive,L'offre de soins et de médicaments douteux et exclusive du recours à des pratiques conventionnelles,literature,9,clarke-2004-encyclopedia-of-new-religious-movements:159,a term that refers to controversial groups that are odd and even dangerous to group members and others,0.9455209366161222,0.5529948583715716
crit-dubious-care-exclusive,L'offre de soins et de médicaments douteux et exclusive du recours à des pratiques conventionnelles,literature,10,2008-the-oxford-handbook-of-new-religious-movements-1:250,"Conventionalism and conformity (there are conspicuous exceptions, however, in terms of egregiously antinomian groups).",0.9460637663814022,0.552481661260715
crit-dubious-care-exclusive,L'offre de soins et de médicaments douteux et exclusive du recours à des pratiques conventionnelles,interviews,1,b1-aug08-2128:0,"Something suspicious, something dangerous, something not normal.",0.9305043440910317,0.5670807978544332
crit-dubious-care-exclusive,L'offre de soins et de médicaments douteux et exclusive du recours à des pratiques conventionnelles,interviews,2,b3-aug22-2101:0,"des groupes fermés qui endoctrinent des gens en échange d'argent, la plupart du temps, et qui peuvent conduire à des dérives dangereuses.",0.9967338182968591,0.5032606470216786
crit-dubious-care-exclusive,L'offre de soins et de médicaments douteux et exclusive du recours à des pratiques conventionnelles,interviews,3,b1-aug09-2048:0,"But, yeah, it's a system of belief that spreads and exploits the gullible.",0.9997947085210107,0.5002051967147738
crit-dubious-care-exclusive,L'offre de soins et de médicaments douteux et exclusive du recours à des pratiques conventionnelles,interviews,4,ig-06:0,"attempting to deviate from academic norms through “breaking boundaries”, central figure with authoritative behavior and high controlled dynamic with attempts at isolating members from larger communities",1.0061894001051757,0.4937912790635348
crit-dubious-care-exclusive,L'offre de soins et de médicaments douteux et exclusive du recours à des pratiques conventionnelles,interviews,5,b1-aug08-2145:0,"And there's also this weird story about him, because the cult didn't allow access to doctors and medicine, and one of his younger brothers actually died when he was young.",1.0063862470902554,0.4935932678227791
crit-dubious-care-exclusive,L'offre de soins et de médicaments douteux et exclusive du recours à des pratiques conventionnelles,interviews,6,b1-aug08-2137:0,"And, yeah — say, like, cults — they're just like a really, really niche, small group that's against a topic.",1.019762318138548,0.48004214255706723
crit-dubious-care-exclusive,L'offre de soins et de médicaments douteux et exclusive du recours à des pratiques conventionnelles,interviews,7,b1-aug09-2124:0,"Yeah, I guess it's culty, because it's very — it's very niche.",1.0198383432081746,0.47996458565647365
crit-dubious-care-exclusive,L'offre de soins et de médicaments douteux et exclusive du recours à des pratiques conventionnelles,interviews,8,b2-aug13-1840:0,"But non-conventional religion, so that's why they are, most of the time, concentrated in small groups.",1.0218303514017903,0.47793094345976783
crit-dubious-care-exclusive,L'offre de soins et de médicaments douteux et exclusive du recours à des pratiques conventionnelles,interviews,9,b1-aug08-2137:0,"The way I've been shown it, like a stereotype — it's because it's like a privileged, small group of people — like, how do you call this — the one where there's only one dollar bill, you know, like this Illuminati thing, you know.",1.0231345065045154,0.47659777106101764
crit-dubious-care-exclusive,L'offre de soins et de médicaments douteux et exclusive du recours à des pratiques conventionnelles,interviews,10,ig-07:0,"But I suppose most commonly I'd consider groups of people with some commonly considered 'alternative' beliefs and a person, figure or certain idea as a central element within their communal belief system.",1.0259708074847924,0.4736916987161559
crit-alarming-dietary-change,Le changement inquiétant des habitudes alimentaires,entities,1,concerned relatives,concerned relatives,0.9436803090374876,0.5547337315961427
crit-alarming-dietary-change,Le changement inquiétant des habitudes alimentaires,entities,2,self transformation,self transformation,0.9770592346728634,0.5226774522074886
crit-alarming-dietary-change,Le changement inquiétant des habitudes alimentaires,entities,3,concerned christians,concerned christians,0.9803954705622837,0.5194122560089179
crit-alarming-dietary-change,Le changement inquiétant des habitudes alimentaires,entities,4,food for life,food for life,0.9987956771402481,0.5012037417824509
crit-alarming-dietary-change,Le changement inquiétant des habitudes alimentaires,entities,5,exploring new religions,exploring new religions,1.0001176893876222,0.49988211442985264
crit-alarming-dietary-change,Le changement inquiétant des habitudes alimentaires,literature,1,bromley-2007-teaching-new-religious-movementslearning-from-new-religious-movemen:185,sudden personality change,0.834673672684611,0.6516600352831612
crit-alarming-dietary-change,Le changement inquiétant des habitudes alimentaires,literature,2,shingange-2021-african-pentecostal-mission-and-new-religious-movements-a-critica:8,unusual practices,0.8939149509553935,0.6004580340187816
crit-alarming-dietary-change,Le changement inquiétant des habitudes alimentaires,literature,3,tomkins-2010-the-clapham-sect-how-wilberforce-s-circle-transformed-britain:21,a habit of mind… which it has cost much pains and labour to remove,0.904826449916896,0.5906444824196877
crit-alarming-dietary-change,Le changement inquiétant des habitudes alimentaires,literature,4,hexham-et-al-2001-new-religious-movements-challenge-and-response:156,"the increasing concern, worldwide, with global pollution and environmental damage is especially dominant amongst young people",0.9156035155597112,0.5808349600849647
crit-alarming-dietary-change,Le changement inquiétant des habitudes alimentaires,literature,5,bromley-2007-teaching-new-religious-movementslearning-from-new-religious-movemen:37,strange,0.9210648661242976,0.5758196026472273
crit-alarming-dietary-change,Le changement inquiétant des habitudes alimentaires,literature,6,werbner-and-basu-2002-embodying-charisma-modernity-locality-and-the-performance:98,the reality of the transformation they experience is both far more immediate and far more complex,0.9232033376093599,0.5738478290330442
crit-alarming-dietary-change,Le changement inquiétant des habitudes alimentaires,literature,7,bromley-2007-teaching-new-religious-movementslearning-from-new-religious-movemen:37,weird,0.9311392781258065,0.5664897486279974
crit-alarming-dietary-change,Le changement inquiétant des habitudes alimentaires,literature,8,lucas-and-robbins-2004-new-religious-movements-in-the-twenty-first-century:161,the report shifts in a markedly critical direction concerning 'cults' and new religions,0.9371602541263941,0.5608652366112227
crit-alarming-dietary-change,Le changement inquiétant des habitudes alimentaires,literature,9,hexham-et-al-2001-new-religious-movements-challenge-and-response:123,The role of women in society is undergoing profound change,0.9382227905501697,0.5598689408681151
crit-alarming-dietary-change,Le changement inquiétant des habitudes alimentaires,literature,10,tourish-and-pinnington-2002-transformational-leadership-corporate-cultism-and-th:21,Cults in our midst: The hidden menace in our everyday lives,0.939837245842628,0.5583529462624911
crit-alarming-dietary-change,Le changement inquiétant des habitudes alimentaires,interviews,1,b2-aug13-1832:0,I think it changes depending on what I've been doing in the last days.,0.8707715519674236,0.6208784137314194
crit-alarming-dietary-change,Le changement inquiétant des habitudes alimentaires,interviews,2,b1-aug08-2128:0,"Something suspicious, something dangerous, something not normal.",0.9422760545743014,0.5560579097740982
crit-alarming-dietary-change,Le changement inquiétant des habitudes alimentaires,interviews,3,b1-aug11-2011:0,This comes to my mind.,0.9447592596134624,0.5537148460183365
crit-alarming-dietary-change,Le changement inquiétant des habitudes alimentaires,interviews,4,b1-aug05-1650:0,"In these times, people in a big city are growing tomatoes, and they're changing varieties, and they're measuring the sugar [content] of the tomatoes, and they're kind of scientifically looking at growing the tomatoes, and the types, and — yeah.",0.9560990523581042,0.5429372814041327
crit-alarming-dietary-change,Le changement inquiétant des habitudes alimentaires,interviews,5,b1-aug08-2128:0,And also something a little bit frightening.,0.9596304940828244,0.5395546869537902
crit-alarming-dietary-change,Le changement inquiétant des habitudes alimentaires,interviews,6,b3-aug22-2101:0,C'est pas forcément très bien.,0.9596727704934068,0.5395138343284067
crit-alarming-dietary-change,Le changement inquiétant des habitudes alimentaires,interviews,7,ig-05:0,Because they are an enclosed group with one strange thing in the full center of their attention (for each of the new age groups),0.9665458351572552,0.5328946881134947
crit-alarming-dietary-change,Le changement inquiétant des habitudes alimentaires,interviews,8,b2-aug13-1832:0,That's interesting.,0.9785981000526659,0.5211729391026722
crit-alarming-dietary-change,Le changement inquiétant des habitudes alimentaires,interviews,9,b3-aug18-1645:0,Qui suit des règles.,0.9814210210509063,0.5184063649102633
crit-alarming-dietary-change,Le changement inquiétant des habitudes alimentaires,interviews,10,b1-aug09-2048:0,"Yeah, but I would be shocked to discover that — whenever there's a power imbalance, people start touching each other in inappropriate places.",0.9843360158215693,0.5155411644630564
crit-violation-republic-principles,La violation des principes fondateurs de la République,entities,1,the constitution of society,the constitution of society,0.9667915096808397,0.5326568045240281
crit-violation-republic-principles,La violation des principes fondateurs de la République,entities,2,christian fundamentalism,christian fundamentalism,0.9691729581400791,0.5303518740437452
crit-violation-republic-principles,La violation des principes fondateurs de la République,entities,3,establishment clause,establishment clause,0.9705953134559756,0.528972549719528
crit-violation-republic-principles,La violation des principes fondateurs de la République,entities,4,constitution,constitution,0.9822908748856907,0.5175523549656764
crit-violation-republic-principles,La violation des principes fondateurs de la République,entities,5,christian deviations,christian deviations,0.984906173582334,0.5149800412168444
crit-violation-republic-principles,La violation des principes fondateurs de la République,literature,1,adeliyan-tous-et-al-2023-using-law-to-limit-religious-freedom-the-case-of-new-re:22,"It is a deviation from freedom of thought, opinion or religion which undermines public order, laws or regulations, or persons' fundamental rights, security or integrity.",0.9236023417126256,0.5734793495529373
crit-violation-republic-principles,La violation des principes fondateurs de la République,literature,2,denaux-2002-the-attitude-of-belgian-authorities-toward-new-religious-movements:14,the official doctrine applies a fundamentalist reading of the founding texts,0.9390943170348307,0.5590510719743452
crit-violation-republic-principles,La violation des principes fondateurs de la République,literature,3,lucas-and-robbins-2004-new-religious-movements-in-the-twenty-first-century:44,the criminal activities of sectarian groups that seriously threaten the integrity of the State and citizens,0.9484037329920343,0.5502650136609135
crit-violation-republic-principles,La violation des principes fondateurs de la République,literature,4,lewis-and-t-llefsen-2016-the-oxford-handbook-of-new-religious-movements-volume-i:286,sexual transgression,0.951781463308506,0.5470560010771846
crit-violation-republic-principles,La violation des principes fondateurs de la République,literature,5,richardson-and-introvigne-2001-brainwashing-theories-in-european-parliamentary-a:21,freedom of belief,0.9660827563191996,0.5333421750671858
crit-violation-republic-principles,La violation des principes fondateurs de la République,literature,6,adeliyan-tous-et-al-2023-using-law-to-limit-religious-freedom-the-case-of-new-re:15,the fraudulent abuse of the state of ignorance or weakness,0.9695136884428962,0.5300215582615966
crit-violation-republic-principles,La violation des principes fondateurs de la République,literature,7,anthony-and-robbins-2009-conversion-and-brainwashing-in-new-religious-movements:11,Basic Mistrust,0.9717824054070144,0.527819502583641
crit-violation-republic-principles,La violation des principes fondateurs de la République,literature,8,dawson-2009-cults-and-new-religious-movements-a-reader:108,the religious experience under consideration is not genuine,0.9762882417896724,0.523430725553415
crit-violation-republic-principles,La violation des principes fondateurs de la République,literature,9,clarke-2004-encyclopedia-of-new-religious-movements:294,the Commission for Violations of Psychiatry against Human Rights,0.9776477584064412,0.5221022673519229
crit-violation-republic-principles,La violation des principes fondateurs de la République,literature,10,2008-the-oxford-handbook-of-new-religious-movements-1:117,CANCELLED BECAUSE OF COPYRIGHT INFRINGEMENT,0.9795156113136183,0.520274691997612
crit-violation-republic-principles,La violation des principes fondateurs de la République,interviews,1,b1-aug08-2128:0,"Yeah, exactly — he's famous for abusing the trust — the trust, the consent, of the people — and using it for his own purposes.",1.0289688344423593,0.47061167248432834
crit-violation-republic-principles,La violation des principes fondateurs de la République,interviews,2,b1-aug12-1231:0,"And then secondly, religious cults.",1.0312123741642472,0.4683007662793328
crit-violation-republic-principles,La violation des principes fondateurs de la République,interviews,3,b1-aug08-2137:0,"So, if I understand well, the main feature for you is this — opposing something?",1.040458242049266,0.4587231293928852
crit-violation-republic-principles,La violation des principes fondateurs de la République,interviews,4,b1-aug08-2128:0,"Something suspicious, something dangerous, something not normal.",1.0466463040884555,0.45226588729162276
crit-violation-republic-principles,La violation des principes fondateurs de la République,interviews,5,ig-06:0,"attempting to deviate from academic norms through “breaking boundaries”, central figure with authoritative behavior and high controlled dynamic with attempts at isolating members from larger communities",1.047210441469811,0.45167513993353775
crit-violation-republic-principles,La violation des principes fondateurs de la République,interviews,6,b1-aug11-2011:0,This comes to my mind.,1.05224175364321,0.44639363378113156
crit-violation-republic-principles,La violation des principes fondateurs de la République,interviews,7,b1-aug09-2048:0,"But, yeah, it's a system of belief that spreads and exploits the gullible.",1.0525035761096877,0.4461182058831684
crit-violation-republic-principles,La violation des principes fondateurs de la République,interviews,8,b1-aug11-2011:0,but I might be wrong.,1.057646221068834,0.44069238151188284
crit-violation-republic-principles,La violation des principes fondateurs de la République,interviews,9,b3-aug18-1645:0,Un groupe qui suit une doctrine.,1.05774191481981,0.4405911645150412
crit-violation-republic-principles,La violation des principes fondateurs de la République,interviews,10,b1-aug09-2048:0,exploitation?,1.0610716950602588,0.43706350054765275
