entity_key,entity_label,nearest_cluster_id,euclidean_distance,cosine_similarity
koresh,koresh,20,0.8606996269736793,0.5324351910168688
nrms,nrms,9,0.28957710555698857,0.9704167647923491
sant bani ashram,sant bani ashram,25,0.8695176263414458,0.5061564891327892
y2k,y2k,35,0.8173674713253573,0.5829448946172187
next level mind,next level mind,35,0.6735885674060655,0.7424669907644998
shakers,shakers,35,0.7259048716983594,0.6879826884501178
neo-pagans,neo-pagans,31,0.5576805441195977,0.8374172092045452
ufos,ufos,24,0.7289369060187708,0.6858261677264936
new age,new age,19,0.516524419893447,0.8676928305784949
witches,witches,16,0.748197207002234,0.6641427799375379
wiccans,wiccans,16,0.6301328902010961,0.7814039772802182
new religious movements,new religious movements,39,0.4741773089607288,0.900158864103572
buddhism,buddhism,24,0.7730785480730142,0.6343913277229669
theosophy,theosophy,34,0.6009446477328075,0.8087011964214136
center for studies on new religions,center for studies on new religions,39,0.646532712141204,0.7646508909112659
enciclopedia delle religioni in italia,enciclopedia delle religioni in italia,32,0.8493054927073019,0.5522641607800327
mystics and messiahs: cults and new religions in american history,mystics and messiahs: cults and new religions in american history,57,0.7563623857675007,0.6575231549153583
ufo religions,ufo religions,57,0.7266108417811804,0.6879930533708724
encyclopedia of american religions,encyclopedia of american religions,32,0.7663509565497697,0.6460560551057769
cults,cults,52,0.5966032296544521,0.8032308003044024
sects,sects,42,0.6066490663562055,0.7991925237936262
new religions,new religions,39,0.5638706157517771,0.8348421946549045
charisma,charisma,54,0.6748979973362471,0.7379382521388154
millennium,millennium,35,0.8202376101542619,0.5794474902596305
misunderstanding cults,misunderstanding cults,58,0.6758890148857686,0.7370112983406074
new age movement,new age movement,19,0.5269336908387149,0.8602260388644938
new age studies,new age studies,19,0.5719149622696277,0.8262499395080636
people's temple,people's temple,0,0.42328290934107365,0.9161442892637464
pentecostal,pentecostal,32,0.7489358696757987,0.6645231608969044
jonestown,jonestown,35,0.8967955364167208,0.48162707305763985
branch davidian,branch davidian,1,0.549786908651558,0.8448492441498475
solar temple,solar temple,7,0.40823729472730896,0.9247592390943455
aum shinrikyo,aum shinrikyo,26,0.40120758066516343,0.9326130706376836
heaven's gate,heaven's gate,4,0.20683626715792902,0.9848487070685799
pentecostalism,pentecostalism,39,0.7583170969260594,0.6544831739648453
the new religious consciousness,the new religious consciousness,39,0.6138012589534501,0.7935913140349821
understanding the new religions,understanding the new religions,57,0.6064714856865058,0.7985949857677732
unification church,unification church,27,0.4322198153257408,0.9146792021011159
moonie,moonie,25,0.8206550479209451,0.5730972369704465
eileen barker,eileen barker,35,0.8722065518937765,0.5139957553634673
saul levine,saul levine,35,0.8606227273167215,0.5289331300012963
eckankar,eckankar,25,0.8592524961193807,0.5205406135348031
satanic ritual abuse,satanic ritual abuse,15,0.6131431465768418,0.792607683804671
satanism,satanism,15,0.5286690265304991,0.858851291700762
france,france,36,0.8210758567744678,0.5795589551357587
european,european,36,0.763445982664937,0.6467199935635872
u.s.,u.s.,36,0.7684719626973475,0.6410568460720787
american,american,37,0.7325505455462302,0.6848913077118535
sra,sra,25,0.85856181009611,0.5215021288596783
bhagwan rajneesh,bhagwan rajneesh,20,0.6589299555095026,0.755171604803616
movement of spiritual inner awareness,movement of spiritual inner awareness,39,0.6752125546529764,0.7380580469405598
nrm,nrm,9,0.44724763730528466,0.8987505354384616
osho rajneesh,osho rajneesh,20,0.5756921847713693,0.829825621034276
raelian,raelian,6,0.6337042329909202,0.7738341851393724
falun gong,falun gong,8,0.3763509258612696,0.9365537740614029
western esotericism,western esotericism,34,0.7347107558770627,0.6784194502503162
neopaganism,neopaganism,31,0.5703731712746538,0.827564966320959
american academy of religion,american academy of religion,32,0.74351641759165,0.6701836250608002
society for the scientific study of religion,society for the scientific study of religion,34,0.7059300388904998,0.7086536053248425
yiguandao,yiguandao,25,0.7897963429833992,0.6133791711206346
al-qaeda,al-qaeda,24,0.734498418151938,0.6795125183858803
christian science,christian science,14,0.3681155571805983,0.938755168056176
spiritualism,spiritualism,39,0.7181975679320167,0.6960394242520219
evangelical christianity,evangelical christianity,32,0.7280977507133942,0.6860624217685044
eastern religions,eastern religions,24,0.7542168211856143,0.6567391925563868
ernst troeltsch,ernst troeltsch,35,0.909304321578662,0.4648146142544798
baptists,baptists,32,0.7482944881716045,0.6651951211695719
methodists,methodists,24,0.7461617484034113,0.6661152220787034
world council of churches,world council of churches,32,0.650697032255366,0.7607453687409804
black muslims,black muslims,24,0.6640627535624816,0.755932922043281
salvation army,salvation army,2,0.714372025260277,0.7120589668764574
christadelphians,christadelphians,37,0.8147784396187004,0.6012322111979373
jehovah's witnesses,jehovah's witnesses,24,0.7009904826466816,0.7168276328176183
self-realization fellowship,self-realization fellowship,34,0.7196713409872428,0.6943691885756548
meher baba,meher baba,23,0.8344750387329615,0.5645597440294712
subud,subud,25,0.871520527387781,0.5033295316680282
transcendental meditation,transcendental meditation,34,0.6431690457405915,0.7703953386860107
krishnamurti,krishnamurti,25,0.8475093019362994,0.5367860059384022
tibetan buddhism,tibetan buddhism,34,0.7727641071681574,0.6365894383331346
zen buddhism,zen buddhism,34,0.7764427536818475,0.6324342217125374
association for the sociology of religion,association for the sociology of religion,34,0.7343291392527252,0.6788280669038982
yinger,yinger,25,0.8481031466446856,0.5359700014927231
spiritualist,spiritualist,34,0.744740745359729,0.6675989650544278
christian tradition,christian tradition,32,0.7396233257178217,0.6742241101297088
the church universal and triumphant,the church universal and triumphant,32,0.6840513065655445,0.7295902665229713
the way international,the way international,37,0.6443166610871962,0.7647711475616954
church of scientology,church of scientology,2,0.33903020223489194,0.9463481695115781
wicca,wicca,16,0.6280416193024686,0.783300223072463
shintoism,shintoism,26,0.7834234301580261,0.63366621042234
presbyterian,presbyterian,24,0.8081402419264497,0.5913816291715179
international society for krishna consciousness,international society for krishna consciousness,5,0.5593314296843748,0.8371244840846181
japanese new religions,japanese new religions,57,0.7162403841028585,0.698326100317495
north america,north america,2,0.7972232846586026,0.6378484845424557
europe,europe,36,0.790722045038612,0.6155417879888123
christianity,christianity,14,0.6244288325267219,0.7815718818298936
sant mat,sant mat,25,0.8716460854378981,0.5031526510410184
divine light mission,divine light mission,32,0.8114917746723973,0.5962129202812666
scientology,scientology,2,0.363345583844332,0.9362281296615385
rosicrucians,rosicrucians,29,0.7444177158828218,0.6706866715691069
speculative freemasonry,speculative freemasonry,39,0.7218158354606593,0.6923841705360686
emanuel swedenborg,emanuel swedenborg,34,0.8647513999018508,0.5267509060006019
mesmer,mesmer,35,0.7987071202767306,0.6053861345870617
templarism,templarism,31,0.790021651945149,0.6219501915683745
alice bailey,alice bailey,35,0.7988216863104459,0.6052497647185853
i am,i am,35,0.748063199131301,0.6636788016438215
cathars,cathars,35,0.8427247386140522,0.5516196156220652
martin luther,martin luther,2,0.7694237347521707,0.6636557227977525
buddhist,buddhist,25,0.7610069215386871,0.6495677928188053
so ¯ka gakkai,so ¯ka gakkai,25,0.6738226369916396,0.7509642266399703
aum shinrikyo ¯,aum shinrikyo ¯,26,0.42623830112627487,0.9189385312876599
greek orthodox church,greek orthodox church,2,0.7493480838468914,0.6817227686438336
disciples of christ,disciples of christ,2,0.7060453971578219,0.7190675601546492
peoples temple,peoples temple,0,0.40147206592496354,0.9276728670851465
branch davidians,branch davidians,1,0.4978568252134083,0.882723723501063
worldwide church of god,worldwide church of god,32,0.6074129232767113,0.7988541698365318
national association of evangelicals,national association of evangelicals,32,0.7411554513335176,0.6726365628457192
soka gakkai,soka gakkai,25,0.6834037263097719,0.7404238645312285
united methodist church,united methodist church,32,0.727846698415054,0.6863182148485907
church,church,32,0.6127339880602585,0.7943105644550313
sect,sect,42,0.6899175777971004,0.7239196067602389
new religion,new religion,39,0.6141746994370143,0.7932692919324835
roman catholic church,roman catholic church,2,0.7065960724272097,0.7186062500875401
protestant,protestant,32,0.7382563697970737,0.6756380226484908
theravada buddhism,theravada buddhism,34,0.7919880854382613,0.6146546030983797
state shinto,state shinto,26,0.781729714551895,0.6354163609259598
sikhs,sikhs,24,0.7414247817924132,0.6715816665143697
belgian authorities,belgian authorities,36,0.8031458878106535,0.6009778567259578
christian theology,christian theology,14,0.711695303389054,0.7095310483458184
tenrikyo,tenrikyo,26,0.5995569553703262,0.8015546526874562
international churches of christ,international churches of christ,32,0.6617191381719219,0.750622392703564
latter-day saints,latter-day saints,32,0.7103967912028574,0.7038814596818035
jewish community,jewish community,24,0.6901010680648587,0.7285791770241681
the family,the family,37,0.42881575783161013,0.9168303559091956
cult awareness network,cult awareness network,39,0.7064291160351273,0.7078006749214532
singer,singer,25,0.79784141228928,0.6030259956973307
ofshe,ofshe,25,0.8265418315001486,0.5652376890000943
nova religio,nova religio,39,0.7192760269728984,0.6949517187036642
china,china,24,0.8187213394298517,0.5780274357314947
western nations,western nations,36,0.7718937075158795,0.637180835575723
berger,berger,35,0.9263120100705643,0.44158256835530735
bryan wilson,bryan wilson,35,0.8734054542518302,0.5124379408645909
bruce,bruce,25,0.8582331170867115,0.5219599580810534
islam,islam,24,0.6753992282686115,0.7441535632938265
hindu,hindu,25,0.7820795703002071,0.6232107248063815
latin america,latin america,2,0.8612099543975661,0.5749677577978578
sub-saharan africa,sub-saharan africa,33,0.8349104510709116,0.5698113564060237
rodney stark,rodney stark,25,0.8714117295388616,0.503483215573171
william sims bainbridge,william sims bainbridge,35,0.897543856961064,0.4806276711219956
secularization,secularization,39,0.761569970310447,0.6510144763606199
witchcraft,witchcraft,16,0.757920479120856,0.6535897612224462
usa,usa,36,0.7639533564560281,0.6461498581439307
sufism,sufism,34,0.740800633082062,0.6718671570529556
hindus,hindus,24,0.7474008008902785,0.6646797878488062
buddhists,buddhists,24,0.7475209697877372,0.6645399325626564
western countries,western countries,36,0.7758951807548932,0.6326254016883031
new agers,new agers,19,0.7000107353143776,0.7142531350280016
deepak chopra,deepak chopra,25,0.8460681689477728,0.5387648102060913
gaia hypothesis,gaia hypothesis,34,0.8764522193689075,0.5118943627065287
brahman,brahman,25,0.8115566906858368,0.585134563944488
westerners,westerners,35,0.7388115526188398,0.6739149639591274
linda woodhead,linda woodhead,35,0.8185251165177696,0.5815354362560341
pagan,pagan,31,0.6786730992570174,0.7344826551764333
pagans,pagans,31,0.7142042272161118,0.7004272902911606
the lord of the rings,the lord of the rings,2,0.7231258093880466,0.7046025006040992
stranger in a strange land,stranger in a strange land,35,0.73969824376533,0.6729395365244482
church of all worlds,church of all worlds,32,0.6323643444986115,0.7772059020387271
druid,druid,35,0.8255025772230354,0.5729993923075999
buffy the vampire slayer,buffy the vampire slayer,37,0.8466224597950313,0.5664457263486531
the craft,the craft,37,0.6354460503328957,0.7722353841489111
star wars,star wars,2,0.7934892661752595,0.6413683288209964
eastern,eastern,37,0.7725172263833863,0.6453399577916382
judeo-christian,judeo-christian,24,0.7365262707259262,0.6771977647769014
pagan federation,pagan federation,31,0.6988669422033916,0.7153406436191809
internet,internet,35,0.7325257191175216,0.68079753036612
lorne dawson,lorne dawson,35,0.869389083462235,0.5176468968360123
the new age,the new age,19,0.5794369411768462,0.8202964700797122
religion,religion,39,0.7222606264082644,0.6919336771005293
cult formation,cult formation,52,0.6345903050531075,0.7728547800020846
magic,magic,35,0.7986265139322923,0.6054817662489024
spirituality,spirituality,34,0.6837731857821187,0.7311065108838887
bank of credit and commerce international,bank of credit and commerce international,36,0.7999035143462212,0.6048009308384854
the future of religion,the future of religion,39,0.6743918172331674,0.7388349058263403
journal of contemporary religion,journal of contemporary religion,39,0.6892526839651363,0.7246185982707876
foreword,foreword,35,0.7602655953003683,0.6499824943351613
religion today,religion today,32,0.7220901075185687,0.6921589125778985
in gods we trust,in gods we trust,35,0.7344759121683899,0.6786683727534985
new patterns of religious pluralism in america,new patterns of religious pluralism in america,39,0.6756298260201824,0.7376626224486552
t. robbins,t. robbins,35,0.8820827644085406,0.5011025429152052
cassell,cassell,35,0.8915309914183671,0.48863254320828253
jesus in disneyland,jesus in disneyland,32,0.8055394586221897,0.602947737724882
amsterdam,amsterdam,36,0.8204119084507482,0.580360897927515
sutcliffe,sutcliffe,25,0.8729830835340887,0.5012619684000228
bowman,bowman,25,0.8769398668587565,0.4956487372560674
journal for the scientific study of religion,journal for the scientific study of religion,14,0.7213128856514495,0.7010158947844365
united states,united states,36,0.7673985947309179,0.6422695123476034
esp,esp,25,0.8360088636176306,0.552480042742159
london,london,36,0.8060313108185767,0.5975630806397505
routledge,routledge,35,0.7238854408240536,0.6901617578795649
karma,karma,35,0.7989490613133544,0.6050982873498574
sociology,sociology,34,0.7694268285931426,0.640342585841466
new testament,new testament,2,0.7450676237744305,0.6855132672327913
james t. richardson,james t. richardson,35,0.9014606552442098,0.47538403901571513
hammond,hammond,35,0.8733318675787731,0.5125337088539899
campbell,campbell,35,0.8511745630365976,0.5409682325249106
aldershot,aldershot,35,0.8844817156004136,0.4979489563642956
ashgate,ashgate,25,0.8683605113987768,0.5077862363511125
new york,new york,37,0.8195613622045733,0.5960923727257701
charlene spretnak,charlene spretnak,35,0.8533726367752397,0.5381795437638619
routledge and kegan paul,routledge and kegan paul,35,0.8466475682820432,0.5466874364911604
heelas,heelas,25,0.8708867877224361,0.5042249305469699
social compass,social compass,35,0.7458381898412629,0.6661520170244046
church of satan,church of satan,15,0.6250834162666692,0.7824534083076423
anton lavey,anton lavey,35,0.8894251689170529,0.4914233790044491
rosemary's baby,rosemary's baby,37,0.81826946534985,0.5974837872834936
neo-pagan,neo-pagan,31,0.606298410022159,0.7984766853826681
giddens,giddens,25,0.8783973583001093,0.49357595677284727
hunter,hunter,25,0.8206073092351212,0.5731609403269303
wallis,wallis,35,0.8766934361758331,0.5081565985798567
max weber,max weber,36,0.8369491385408752,0.5602029444332042
mormons,mormons,2,0.6798527084407593,0.7405775504628306
christian scientists,christian scientists,14,0.48641725626871457,0.8762947824310017
stewart,stewart,35,0.8865145719469386,0.49527005318353867
simmonds,simmonds,35,0.8635804797222967,0.5251376822833399
stark,stark,25,0.8522218482313438,0.5302938200630817
bellah,bellah,24,0.8754620499018176,0.5034524351716405
tipton,tipton,35,0.8819863045627074,0.5012291726959215
christian,christian,14,0.7137836235986046,0.7076920021852307
new christian right,new christian right,39,0.6743401234784165,0.7388836672187906
catholic church,catholic church,2,0.7155856917556443,0.7110305813159437
protestant denominations,protestant denominations,42,0.8007627212170148,0.608716897679763
children of god,children of god,30,0.5277283725252833,0.8547075259825246
krishna consciousness,krishna consciousness,5,0.5914491055102211,0.8114709833438798
the unification church,the unification church,27,0.3604526260725036,0.9520301058993351
silva mind control,silva mind control,43,0.7711130744000777,0.6389048743751078
hare krishna,hare krishna,5,0.6880959010771829,0.725638688988577
durkheim,durkheim,25,0.8487417303313223,0.5350920908778309
krishna,krishna,5,0.7159506420231525,0.6984939544869355
robertson,robertson,35,0.8955656187887623,0.48326699097566267
christian fundamentalism,christian fundamentalism,39,0.767353121084603,0.6448115326244425
europeans,europeans,36,0.7490919646992564,0.6626877166745233
shambhala,shambhala,25,0.7667817438274,0.642416483232057
bainbridge,bainbridge,35,0.8635405465165364,0.5251892910358206
william s. bainbridge,william s. bainbridge,35,0.8959451062804884,0.48276127740081337
science,science,14,0.6786052532265532,0.7379558233776629
metaphysical,metaphysical,34,0.6916395522266455,0.7232172218854545
baha'i faith,baha'i faith,24,0.7290639104284456,0.6856826829938469
theosophical society,theosophical society,34,0.5012533012559126,0.8888248012793096
tm,tm,35,0.8272058757930593,0.570904285225629
iskcon,iskcon,5,0.7174506110159163,0.6970015543888957
baha'is,baha'is,24,0.6890271336049777,0.7297282056181533
baha'u'llah,baha'u'llah,24,0.7418320216364153,0.6711130477573126
theosophists,theosophists,34,0.6033539925120356,0.8065854841836723
h. p. blavatsky,h. p. blavatsky,35,0.8277923345974391,0.5701820180529193
the secret doctrine,the secret doctrine,37,0.6968853567466875,0.718412237742307
unitarianism,unitarianism,27,0.7513062703000121,0.66672912891231
aetherius society,aetherius society,34,0.7385339259930755,0.6743121315015586
george king,george king,35,0.863798878768256,0.5248574137636872
maharishi mahesh yogi,maharishi mahesh yogi,17,0.7540876173190353,0.6581600417682087
raelian religion,raelian religion,6,0.49903268454736766,0.8750159056208666
rael,rael,6,0.7432507752961741,0.6737844933757935
elohim,elohim,24,0.844228228246403,0.5451210819120078
hare krishna movement,hare krishna movement,5,0.6388548633211074,0.7709901699477808
bhaktivedanta swami prabhupada,bhaktivedanta swami prabhupada,25,0.8180804131318311,0.5765169966019852
christian groups,christian groups,32,0.6571082840228477,0.7548778498298649
james lewis,james lewis,35,0.8549286516071725,0.5362018494147267
macumba,macumba,25,0.8155869704718038,0.5798191732370375
candomble,candomble,35,0.8086249340286873,0.5935232237039864
roy wallis,roy wallis,25,0.8791603195273445,0.492489468843629
catholicism,catholicism,32,0.7483190894242152,0.6651695793345963
shinto,shinto,26,0.737670104966192,0.6796159076803918
japan,japan,25,0.791292160219989,0.6114619560584598
dalai lama,dalai lama,36,0.7897231125028579,0.6167026884997362
george chryssides,george chryssides,35,0.913839356789633,0.45866197081616455
science of creative intelligence,science of creative intelligence,35,0.787746302283443,0.6183255756991112
e-meter,e-meter,25,0.8388320762196436,0.5486472172973702
l. ron hubbard,l. ron hubbard,35,0.7628480910790567,0.6470550604881133
damanhur,damanhur,25,0.8762683273415567,0.49660344354836905
maharishi international university,maharishi international university,25,0.8538903286655763,0.5279867490651002
maharishi,maharishi,25,0.7983814166965609,0.6023273585445184
venus,venus,35,0.8313491520240736,0.5657907178001822
vorilhon,vorilhon,25,0.8657043900487015,0.511519491915198
the book of mormon,the book of mormon,2,0.6506371669561285,0.7636109293764549
kali,kali,25,0.7701498750592444,0.6382207248722331
vatican ii,vatican ii,2,0.7936759308063943,0.6411927068807131
new york times,new york times,2,0.8074159156632083,0.6281569891657621
marshall herff applewhite,marshall herff applewhite,35,0.9171017048566653,0.4542176133646716
ti and do,ti and do,35,0.7798214988303501,0.6275701884889416
rick ross,rick ross,35,0.8475211370915655,0.5455863961152915
spiritual counterfeits project,spiritual counterfeits project,39,0.7155676901168618,0.698684690671167
baudrillard,baudrillard,35,0.8284922252200038,0.5693198777842502
scientologists,scientologists,35,0.7653193664742425,0.6442449410578389
christian countercult,christian countercult,47,0.6101500817950065,0.7930685359861737
neopagans,neopagans,31,0.653855947655766,0.7572380675069696
universal life church,universal life church,32,0.6848761081453738,0.7288000622110264
high priest,high priest,35,0.7866810967110638,0.6195742020392383
lama,lama,25,0.723362189703418,0.694860768213069
tao te ching,tao te ching,25,0.7463810086161624,0.6674383338841415
tibetan book of the dead,tibetan book of the dead,34,0.795424917161866,0.6106765596223414
y2k crisis,y2k crisis,45,0.821497780028693,0.5818234824668331
sinovess,sinovess,25,0.8612968971960067,0.5176893524530871
starhawk,starhawk,25,0.843428246249301,0.5423804701234607
neopagan,neopagan,31,0.6504345820334191,0.7603090311218506
goffman,goffman,25,0.9103741132804516,0.4472122297848564
merlin,merlin,25,0.8585955400492055,0.5214551333756864
hermetic order of the golden dawn,hermetic order of the golden dawn,28,0.6617449116298622,0.7497857349844913
golden dawn,golden dawn,35,0.8441634946131464,0.5498135589653116
dianetics,dianetics,35,0.8247190205658883,0.5739617868594509
operating thetan,operating thetan,35,0.7644568234046577,0.6452268211544326
new religious movements (nrms),new religious movements (nrms),10,0.29067953083985576,0.9640310420478935
manson family,manson family,37,0.8583859424075765,0.5532575062655932
hale-bopp comet,hale-bopp comet,25,0.8996074308267417,0.4630087305711807
next level,next level,35,0.7206286360456975,0.6936626924078283
new age groups,new age groups,19,0.5502651132994956,0.8429501571911663
chen tao,chen tao,25,0.8522069321826581,0.5303144764020532
messianic communities,messianic communities,24,0.7413847482446922,0.6716277191884782
church universal and triumphant,church universal and triumphant,32,0.6982810795432329,0.7158248150316608
seventh-day adventists,seventh-day adventists,24,0.7406116777450787,0.6725169226317953
weber,weber,36,0.8811468441698924,0.5043539454724459
jim jones,jim jones,35,0.8780942397100826,0.5063268534808815
charles manson,charles manson,37,0.8320309972146251,0.5825511634440658
billy graham,billy graham,35,0.8426673175921603,0.5516915132264377
oral roberts,oral roberts,35,0.7833901898906129,0.6234185746927574
martin luther king,martin luther king,36,0.7697548511471931,0.639605614163036
galanter,galanter,25,0.8147426862853241,0.5809345770787272
exodus,exodus,4,0.747632413994355,0.6889179476165899
battle,battle,25,0.8343739980254571,0.5546930368857105
rajneesh,rajneesh,20,0.6114317445537084,0.7990049279735632
justus freemen,justus freemen,35,0.9001175940255721,0.4771844561395897
unificationist movement,unificationist movement,27,0.6608711039987643,0.7505792667319917
movement for the restoration of the ten commandments,movement for the restoration of the ten commandments,39,0.6661263011377175,0.7466076715475689
aum,aum,26,0.8165825888415189,0.598637399071802
korean,korean,25,0.7765940180666909,0.6301412540594041
japanese,japanese,25,0.7323840104856136,0.6842152433400797
switzerland,switzerland,36,0.8515141961637297,0.5421153392173088
canada,canada,36,0.8346160847963926,0.5630708301912507
u.s. supreme court,u.s. supreme court,2,0.7835277543140154,0.650677121872407
u.s. constitution,u.s. constitution,36,0.7708329875249901,0.6383837500190629
immigration and naturalization service,immigration and naturalization service,36,0.762944110633578,0.6472834825248638
twelve tribes,twelve tribes,37,0.7699135971254097,0.6479802524514492
germany,germany,36,0.8007498992970268,0.603804619605828
united kingdom,united kingdom,36,0.7552505121696624,0.6558739089974637
the netherlands,the netherlands,37,0.7485998851197112,0.6692612197177525
european union,european union,36,0.8384753274615674,0.5583221396491375
council of europe,council of europe,36,0.7614118106698461,0.6490009633126665
european parliament,european parliament,36,0.7720910609991131,0.6369565893619509
enquete commission,enquete commission,35,0.7907325425552932,0.6148179680783415
french government,french government,36,0.8180409294761369,0.5832178759188058
italy,italy,36,0.8340132023924175,0.5638106624797941
former soviet union countries,former soviet union countries,36,0.8289529851382235,0.5700000445842485
osce,osce,36,0.8544803987153483,0.5383936388267628
russia,russia,24,0.8291836684028083,0.5646522433917502
holy smoke,holy smoke,35,0.7877952419604831,0.6182680804304035
belgium,belgium,36,0.8472073663111876,0.5474963140696765
australia,australia,36,0.8510611356630111,0.5426829658073234
new zealand,new zealand,25,0.8566971495030957,0.5240950213815917
black,black,35,0.819314535468943,0.5805735329662558
the rise of christianity,the rise of christianity,32,0.7083484486112392,0.7059147274066329
aclu,aclu,36,0.7979901052066523,0.6070492700130768
national council of churches,national council of churches,32,0.6691944314074728,0.7436598809981684
england,england,36,0.7868853127931759,0.6199935861251706
american imperialism,american imperialism,24,0.8218140044872775,0.5740914256945446
waco,waco,25,0.8159752910798275,0.5793055654137231
singapore,singapore,36,0.8603407833813584,0.5310028301488128
chinese communist party,chinese communist party,36,0.7598751091632775,0.6507204754512612
western europe,western europe,36,0.7849794368173943,0.6221970469899415
american culture,american culture,35,0.7658767737138329,0.6436094191572055
wessinger 2000,wessinger 2000,35,0.8295137376907795,0.5680596633545822
social justice research,social justice research,35,0.7696068934837902,0.639347844151922
european court of human rights,european court of human rights,36,0.7917604207241508,0.6143333810059765
acm,acm,25,0.8811269336594618,0.48968215353882594
the peoples temple,the peoples temple,0,0.37020314937908444,0.9431370983966687
freecog,freecog,25,0.8647756307258305,0.5128220494642016
cff,cff,36,0.844659926929589,0.5506657638717756
citizens freedom foundation,citizens freedom foundation,36,0.7054354156455,0.7093902318201081
freedom of thought foundation,freedom of thought foundation,36,0.6873304911046599,0.7279361284767508
katz v. superior court,katz v. superior court,35,0.8560132115823009,0.534820975418419
american family foundation (aff),american family foundation (aff),36,0.6814409653557698,0.7338645632907217
cult awareness network (can),cult awareness network (can),13,0.7311054958017961,0.6940747147703251
cultic studies journal,cultic studies journal,34,0.7331145386044609,0.6801282750999017
aff,aff,36,0.8048418368513762,0.5989721178479792
can,can,25,0.8128894776403491,0.5833786081010333
dimpac,dimpac,25,0.8844102831688252,0.4849837949478342
bserp,bserp,25,0.8963477948066984,0.46775331676401405
dsm-iii,dsm-iii,36,0.8291662185005375,0.5697394403319037
shupe,shupe,25,0.802220816913229,0.5973460531048826
darnell,darnell,35,0.9155328062648882,0.4563564940050938
bundestag,bundestag,36,0.8013642805004243,0.6030804606176356
time,time,35,0.6931332594407972,0.7225891708090662
freedom,freedom,35,0.7608274219552472,0.6493465908517375
united pentecostal church international,united pentecostal church international,32,0.7158059010850146,0.6984825652505253
jason scott,jason scott,35,0.8689713627693092,0.5181872943570677
irs,irs,36,0.7856162961163479,0.6214612802141619
la scientologie en suisse,la scientologie en suisse,2,0.7103010613282418,0.7154956898303158
type i,type i,25,0.8228876026152703,0.5701229186439002
type ii,type ii,35,0.8475434835557272,0.5455589300831587
mils,mils,35,0.8448537985748827,0.5489458960036993
type i reports,type i reports,35,0.8203077284241753,0.579361707344616
ministero dell'interno,ministero dell'interno,36,0.8329450818922742,0.5651201804263546
type ii reports,type ii reports,35,0.8521819744896415,0.539691388484323
hervieu-le ´ger,hervieu-le ´ger,36,0.8878272391956871,0.49566194962549714
lourdes,lourdes,34,0.8637603887843791,0.5279998592166372
la salette,la salette,37,0.8100476251885573,0.6062866527571296
narconon,narconon,25,0.8537607207141229,0.5281658378965333
anthroposophical society,anthroposophical society,34,0.5491247115831003,0.8521587874900008
parliamentary commission,parliamentary commission,36,0.7625290406660624,0.6477489091872253
inform,inform,35,0.8078665000518728,0.5944358711093023
cesnur,cesnur,25,0.8950056071511648,0.469702172951684
jean-marie abgrall,jean-marie abgrall,35,0.9229961742282509,0.44614582956393606
the brainwashing/deprogramming controversy,the brainwashing/deprogramming controversy,40,0.6511876354483087,0.7592917828273387
les sectes en france,les sectes en france,42,0.8025048284056359,0.6067697033104824
sectes,sectes,42,0.5734997771373621,0.8264675619081763
the making of a moonie,the making of a moonie,49,0.8054349564386426,0.6035707734699056
the politics of religious apostasy,the politics of religious apostasy,39,0.7288968784274734,0.685177672797824
illegal activities of sects,illegal activities of sects,42,0.6457100315786111,0.7650859740132522
sette religiose e nuovi movimenti magici in italia,sette religiose e nuovi movimenti magici in italia,57,0.7571845795741882,0.6566642281897136
deprogramming,deprogramming,44,0.525356615547612,0.8597053783096986
brainwashing,brainwashing,40,0.5088469121252411,0.8715504908058114
"introvigne, massimo","introvigne, massimo",25,0.8715258440285958,0.5033220710183903
apocalypse,apocalypse,2,0.771813782034276,0.6614728912606332
apostates,apostates,24,0.7908043831099361,0.6128849022315337
brill,brill,35,0.8389940503648163,0.55628820369234
moral panics,moral panics,35,0.7732491366993519,0.6351657786293253
pour en finir avec les sectes,pour en finir avec les sectes,42,0.6437514998359976,0.7668467597981901
oxford university press,oxford university press,34,0.7980509449712407,0.6076252647704414
sociological analysis,sociological analysis,35,0.738837799966323,0.6738864557097017
david bromley,david bromley,1,0.8671973950630882,0.5317366827724745
james richardson,james richardson,35,0.8766233900874232,0.5082479419366822
transaction,transaction,35,0.7575010744669627,0.6531045010249537
the handbook of cults and sects in america,the handbook of cults and sects in america,42,0.7508553056430287,0.6627066212008219
jeffrey hadden,jeffrey hadden,35,0.8708321974989832,0.5157783612957798
edwin mellen press,edwin mellen press,35,0.8789381436721592,0.5052234616074521
social problems,social problems,35,0.7271722031325573,0.6866122993234323
anti-cult movements in cross-cultural perspective,anti-cult movements in cross-cultural perspective,47,0.6070216930455636,0.7955806456584544
garland,garland,35,0.8813218865934687,0.5021010593456241
rutgers university press,rutgers university press,34,0.8432014521223876,0.5535895753051502
stockholm,stockholm,36,0.8409982630548378,0.5552056919991573
satanic,satanic,15,0.633685202705319,0.7750171114001797
satanist,satanist,15,0.6141906110301288,0.7917247667899434
the ultimate evil,the ultimate evil,35,0.7764522662843022,0.6314718928524479
geraldo rivera,geraldo rivera,25,0.8700935805974488,0.505344448957354
fbi,fbi,36,0.7669392594918343,0.6427875384189897
temple of set,temple of set,7,0.7728264959231266,0.6476605008919232
satanism scare,satanism scare,15,0.6158142575621935,0.7903532970608746
romantic,romantic,35,0.8154770816170896,0.5852416894311019
black mass,black mass,24,0.8047565826979551,0.5956156659662248
coliseum,coliseum,25,0.834659726845278,0.554306896619713
qabala,qabala,25,0.7579766993921664,0.6532984945717332
knights templar,knights templar,2,0.7133582442680239,0.7129168304146134
halloween,halloween,35,0.81027114960841,0.5915400686698326
sabbats,sabbats,35,0.7445772758270227,0.6675503487237899
sabbath,sabbath,35,0.7791801766311783,0.6283141392802811
satan,satan,15,0.59214949279819,0.8099858036189223
satanists,satanists,15,0.6063571990507624,0.7982913304101094
goethe,goethe,25,0.8271830133811208,0.5643781825052193
order of the golden dawn,order of the golden dawn,28,0.6206014749488814,0.7854069337515237
crowleyan,crowleyan,25,0.890489606198542,0.4762378879377547
ordo templi orientis,ordo templi orientis,28,0.6627831755004508,0.7488573858079716
oto,oto,25,0.8209841755957622,0.572658955208527
voodoo,voodoo,25,0.7769177949588983,0.6297335898080417
salem,salem,25,0.8704184650461123,0.5048860255811032
newsweek,newsweek,35,0.7728594506794536,0.6356141243527725
black sabbath,black sabbath,2,0.7774123035371748,0.656333485625115
helter skelter,helter skelter,37,0.802476040969013,0.6143144947430319
michelle,michelle,35,0.8247921538100268,0.5738715343043456
jordan,jordan,24,0.8298835645510335,0.5637517949783581
end times,end times,35,0.7691848154155846,0.6398310154804185
maria monk,maria monk,35,0.8536236962580633,0.5378613450603307
cornerstone,cornerstone,35,0.7911768497104603,0.6142950181478055
mcmartin case,mcmartin case,43,0.9127913997457504,0.46651534387300986
satanic scare,satanic scare,15,0.5986080256417472,0.8047040219449451
satanic panic,satanic panic,15,0.6892683301529003,0.7245147226347024
washington,washington,35,0.8103316664669598,0.5914672841397806
columbine high school,columbine high school,35,0.8706223462987549,0.5160502705882528
nazism,nazism,24,0.7583963150473014,0.6518349126017601
ritual satanic abuse,ritual satanic abuse,15,0.635577622852751,0.7733676994739038
the satanism scare,the satanism scare,15,0.6180957316096367,0.7884197397668571
devil worship,devil worship,15,0.6580862702651084,0.7533690777428872
robert lifton,robert lifton,35,0.8948952538129852,0.48415989759172273
edgar schein,edgar schein,25,0.8959751739060458,0.4682946177307919
lifton,lifton,25,0.8642055873006056,0.5136211533319475
maoist thought reform,maoist thought reform,43,0.8161757405702692,0.5872198129738567
cold war,cold war,24,0.849521136693278,0.5381669377299221
edward hunter,edward hunter,35,0.9241677202070155,0.4445355894658516
cia,cia,36,0.8072885190857697,0.5960712415480183
methodism,methodism,39,0.7574538249461682,0.6554009898793898
sargent,sargent,25,0.8620178829100117,0.5166819969660223
maoist,maoist,24,0.7587051666911221,0.6514715109517429
milieu control,milieu control,36,0.8305206078500789,0.5680860419875985
mystical manipulation,mystical manipulation,43,0.6837697452021144,0.7307271025519487
demand for purity,demand for purity,35,0.7783714068426056,0.6292513102961677
sacred science,sacred science,14,0.6742848498626595,0.7415672125535546
loading the language,loading the language,49,0.7037184785200923,0.710514923262032
doctrine over person,doctrine over person,35,0.742362901181176,0.6700007744392835
the dispensing of existence,the dispensing of existence,34,0.7630951165525313,0.6474186042097503
father simon,father simon,32,0.7879357290535611,0.6225784065225611
maoism,maoism,24,0.7953967538451343,0.6072345752642451
erikson,erikson,25,0.8710828321666242,0.503947950895886
the manchurian candidate,the manchurian candidate,35,0.7739482726370798,0.6343608842321034
the consciousness reformation,the consciousness reformation,35,0.7063032436754823,0.7088740389087804
yoga,yoga,17,0.5949824362604618,0.8112900435922707
zen,zen,35,0.7313822455748383,0.6820431173333763
experimentation in american religion,experimentation in american religion,39,0.7245528398620942,0.68960693353456
wuthnow,wuthnow,25,0.9021874040212531,0.45924039807812456
moonies,moonies,25,0.8135031974434439,0.5825705880182415
moonist,moonist,35,0.8125298578879232,0.5888123688226347
los angeles,los angeles,37,0.7890239119274692,0.6283914086694392
whore of babylon,whore of babylon,24,0.9139518102425007,0.45002123978727665
antichrist,antichrist,24,0.8059964321767344,0.5940663757214573
jesus movement,jesus movement,39,0.674968655810768,0.7382890560100696
rajneeshees,rajneeshees,20,0.6491797891671167,0.7644364746343124
rajneeshpuram,rajneeshpuram,20,0.6609402209294881,0.7532443568107887
carter,carter,35,0.8734568122050204,0.5123716899170072
fitzgerald,fitzgerald,35,0.8422247724529709,0.5522465461406321
sundberg,sundberg,25,0.9366196758599139,0.4079203907497828
mmpi,mmpi,25,0.8171518566902605,0.5777472652381921
anthony and robbins,anthony and robbins,37,0.8217212875822809,0.5937614116756793
communist thought reform,communist thought reform,35,0.8023584107019517,0.6010354878725728
american sociological association,american sociological association,34,0.7514838854010056,0.6602418127355765
schein,schein,25,0.7733459366577228,0.6342219861627723
communist,communist,2,0.7736708826468699,0.659772048568049
christian sects,christian sects,42,0.5919485866423847,0.8114774930876072
west,west,25,0.8232830190668652,0.5695951427355147
martin,martin,35,0.8232118565551998,0.5758096041500875
korean war,korean war,24,0.8579150803020781,0.5270482430188117
cult controversies,cult controversies,2,0.7081828229277946,0.717276401819547
james beckford,james beckford,35,0.8788865148620337,0.5052914131638649
meerloo,meerloo,25,0.8685950944241827,0.5074561709529115
machalek,machalek,25,0.7979959661968069,0.6028265420277301
snow,snow,25,0.7864597555192311,0.6176421083834753
hall,hall,25,0.8116510635061811,0.5850103581356291
wessinger,wessinger,25,0.8818523256973908,0.48864635437940146
nazi doctors,nazi doctors,24,0.8662980107872283,0.5158353271360097
parsons,parsons,35,0.8556433448002898,0.5352923783617647
habermas,habermas,34,0.8662643749758266,0.5248409804456822
barker 1984,barker 1984,21,0.7870923828481441,0.6196861330604904
lofland,lofland,25,0.9071343825588583,0.45198513976936217
skonovd,skonovd,25,0.8814011304707986,0.489291128348759
straus,straus,25,0.8820685087410397,0.4883370023166179
love family,love family,37,0.7463310564849065,0.6714909552073999
david koresh,david koresh,1,0.8209693038077462,0.5860658437826098
house of david,house of david,1,0.7988729639207077,0.6109835572070643
unificationist,unificationist,27,0.6393159404377379,0.7689802688571503
reverend moon,reverend moon,35,0.7831606701950502,0.6236861659153612
maharaj ji,maharaj ji,25,0.8138104507736549,0.582165336061699
unificationists,unificationists,27,0.6288773805940195,0.777671591415024
krishnas,krishnas,5,0.7370963729015415,0.6771681847847864
kingdom of god,kingdom of god,30,0.7100185644229694,0.7062131418056836
florence houteff,florence houteff,35,0.8475988263219577,0.5454883989897172
book of revelation,book of revelation,2,0.7152079525562259,0.7113510635425528
web sites,web sites,35,0.7573330750112186,0.653294137963253
family,family,37,0.6421501579048305,0.7666038985941942
bhaktipada,bhaktipada,25,0.8298712473924699,0.5607671841149429
moses david berg,moses david berg,24,0.9134396525588188,0.4507476640524392
hubbard dianetic research foundation,hubbard dianetic research foundation,34,0.7968256242115203,0.6090500893382994
marc breault,marc breault,35,0.8882729534810007,0.49294782057395836
mount carmel,mount carmel,24,0.7990598655338259,0.602703512968352
bo and peep,bo and peep,35,0.8352553597599444,0.5609465522590836
millennialism,millennialism,35,0.7321327421071342,0.6812259600631856
falling from the faith,falling from the faith,35,0.7792605883285557,0.6282208172771742
american psychiatric association,american psychiatric association,36,0.7797122313443714,0.6282581732334758
dsm-iv,dsm-iv,35,0.8218958973125773,0.5774207163761016
sabbatai sevi,sabbatai sevi,25,0.7442078129578943,0.6700637131011424
rudolph steiner,rudolph steiner,25,0.8855135848063622,0.4834015326346199
swami prem amitabh,swami prem amitabh,23,0.8479754600307272,0.5480370920075333
swami deva amrito,swami deva amrito,25,0.8497740948656087,0.5336708035042568
rajneesh therapy,rajneesh therapy,20,0.6491902223139415,0.7644269597091699
rajneesh followers,rajneesh followers,20,0.6868678032799881,0.7278588115220477
rajneesh sannyasins,rajneesh sannyasins,20,0.7291637260312281,0.6843505981870461
hare krishnas,hare krishnas,5,0.6551656882463603,0.7563407005584339
aronoff,aronoff,25,0.8990146283965748,0.46387267743399957
weiss,weiss,25,0.8622470003817224,0.5163620224364124
latkin,latkin,25,0.8569626014784204,0.5237257308536818
judaism,judaism,24,0.6718115023055943,0.747902850978928
ghost dance,ghost dance,35,0.8483204773774449,0.5445779272367353
thompson,thompson,35,0.8368028715147784,0.5590208846785332
lincoln,lincoln,35,0.8309920805056844,0.5662325943216613
bull,bull,25,0.7997950651390889,0.6004964749340428
cohen,cohen,25,0.8929696825985188,0.4726519999806252
vernon howell,vernon howell,35,0.8617173006806295,0.5275298701640548
islamism,islamism,24,0.6625429568047603,0.757497364669591
fundamentalism,fundamentalism,35,0.7834215523592083,0.6233819651443142
raelians,raelians,6,0.5552544723734871,0.8357005933615177
wovoka,wovoka,25,0.7604720545356578,0.6502275111113361
handsome lake,handsome lake,25,0.8533191070494361,0.5287770555022506
rastafarians,rastafarians,24,0.6728572256026352,0.746812177687931
ufo cults,ufo cults,52,0.5207555345198945,0.8582741826397845
world wide web,world wide web,35,0.791409293703205,0.6140212429189504
mau mau,mau mau,25,0.7132162564035439,0.7066745899068816
xhosa,xhosa,25,0.7912196678619494,0.6115547828215655
baha'i,baha'i,24,0.6967975913591268,0.7213741726584391
taliban,taliban,24,0.7608085791567403,0.648991815942565
pure land,pure land,35,0.7978646679666604,0.6063866849686617
white lotus,white lotus,35,0.8165943003933436,0.5838850742812008
islamic movements,islamic movements,39,0.7030989159099048,0.7110942607528092
roman empire,roman empire,35,0.8555101561776389,0.5354621156962985
reformation,reformation,39,0.7725926613751313,0.639151189979051
cyrus,cyrus,25,0.8798487606120006,0.49150698013098265
alexander,alexander,25,0.8559474498236348,0.5251355231041965
augustus,augustus,25,0.8642679369129763,0.5135339098708414
messianic jews,messianic jews,24,0.7156091443853935,0.7007621930795764
anabaptists,anabaptists,32,0.7734691556888238,0.6383856700736987
neo-nazis,neo-nazis,24,0.7493418094781267,0.6624255045765972
islamic jihad,islamic jihad,24,0.692339030604903,0.726179489075283
bolsheviks,bolsheviks,24,0.7387175113420079,0.6746901965049185
khmer rouge,khmer rouge,24,0.8057370423294166,0.5943908832474157
protestant reformation,protestant reformation,39,0.7616646396578087,0.6509133607703599
festinger,festinger,25,0.8897881948874647,0.4772502796485398
cognitive dissonance,cognitive dissonance,35,0.718833269261785,0.6955854511293724
when prophecy fails,when prophecy fails,51,0.8342956439467452,0.5605934636972218
nazi,nazi,24,0.7975953083884435,0.6045173358637712
arab,arab,24,0.7367157516899625,0.6769814412974176
muslim,muslim,24,0.7051405014017483,0.7123004036430238
hitler,hitler,24,0.8047800846069537,0.5955864077330864
jews,jews,24,0.6857242258671823,0.7332505110447709
barkun,barkun,25,0.8577670023721027,0.5226081923141661
jesus,jesus,32,0.7755845552803033,0.6360925136634128
the church of scientology,the church of scientology,2,0.3060571917275642,0.9589521180759941
xenu,xenu,25,0.8213078864755035,0.5722284430960014
dillon,dillon,25,0.907741555745896,0.4510918528192861
malinowski,malinowski,35,0.9076166486487384,0.4670959263461022
eliade,eliade,24,0.853965063855192,0.5322937177806997
freud,freud,36,0.8313383862880419,0.5670870511654931
unarius academy of science,unarius academy of science,34,0.7918703753798371,0.6147907647900337
joseph campbell,joseph campbell,35,0.858784836468574,0.5312842846915112
jean shinoda bolen,jean shinoda bolen,25,0.8466038809268244,0.5380297771329364
space brothers,space brothers,35,0.7960272365591237,0.608566201442182
atlantis,atlantis,35,0.8115601390185666,0.5899844940139096
lemuria,lemuria,25,0.9134325134746596,0.4426904989729774
ruth norman,ruth norman,35,0.8745546657313287,0.5109435576934624
unarius,unarius,34,0.8697508523021458,0.5204275099551992
osiris,osiris,35,0.8515938203145788,0.5404376679524177
isis,isis,24,0.7337032103618696,0.6804179017772087
set,set,25,0.7490176557932009,0.6642421444675429
gerald gardner,gerald gardner,35,0.8818353748788084,0.5014275951591509
doreen valiente,doreen valiente,25,0.8842939526424175,0.4851504905212785
russell,russell,25,0.8674263886875968,0.5091006583589085
griffin,griffin,25,0.8802595520463775,0.4909204876748399
marija gimbutas,marija gimbutas,25,0.8831215586646762,0.486830194955496
merlin stone,merlin stone,35,0.8426095780647104,0.5517641087843147
margot adler,margot adler,35,0.8592552523483157,0.5306834658161454
drawing down the moon,drawing down the moon,49,0.740694833703165,0.6733057276541374
msia,msia,25,0.8744418038161874,0.4991960865926668
john-roger,john-roger,35,0.9016050009137789,0.47519007131310004
human potential movement,human potential movement,39,0.7390556174981985,0.6747163098484393
christ,christ,32,0.7069622904241991,0.7072875627396734
holy spirit,holy spirit,32,0.7425482131304448,0.6711903705153959
santeria,santeria,25,0.8879543603946836,0.47989268661018275
aetherius,aetherius,34,0.8525463760230942,0.5420344101660082
yoruba,yoruba,25,0.7590038590781698,0.6520356192486974
brahmakumaris,brahmakumaris,25,0.8649584302563745,0.512565829930214
rajneesh foundation,rajneesh foundation,20,0.6070217061800324,0.8029083504204013
dianic wiccans,dianic wiccans,16,0.7258844245984898,0.6878431992806118
seattle,seattle,35,0.830500125933519,0.5668408634772272
ramtha,ramtha,25,0.8546448031321391,0.5269416532389034
quebec,quebec,36,0.8697926427636079,0.5189756536729504
virgin,virgin,35,0.8271381842435365,0.570987463809498
catholic priests,catholic priests,32,0.7787955479574028,0.6326000235084165
lubavitch,lubavitch,35,0.85033707009097,0.5420286710185229
aryan nations,aryan nations,24,0.7927609339422366,0.610481606701293
mormon fundamentalists,mormon fundamentalists,24,0.7773218545968998,0.6292875624816032
dna,dna,35,0.8224807711597824,0.5767047831181931
age of apocalypse,age of apocalypse,4,0.750219201001922,0.686696787472518
apostles of infinite love,apostles of infinite love,32,0.7667726233198003,0.6456036956021274
trinity,trinity,35,0.7771005123053373,0.6307224497152074
osho,osho,20,0.7517874150779242,0.6600116633845641
bhagwan,bhagwan,25,0.8651580163765763,0.512285719234568
bishops,bishops,32,0.7755783635556526,0.6360991088450556
johnson,johnson,35,0.8499366502378289,0.5425356197462892
harris,harris,24,0.883676786747147,0.4922416152305529
first amendment,first amendment,36,0.7172809272724886,0.6969953691567862
michael langone,michael langone,35,0.8647641516880804,0.5236155268521738
john clark,john clark,35,0.8945896398330168,0.48456769338045663
uganda,uganda,25,0.8638869032243701,0.5140676882714651
movement for the restoration of the ten commandments of god,movement for the restoration of the ten commandments of god,39,0.6751785819747366,0.7380902904917876
institute for the study of american religion,institute for the study of american religion,39,0.728507966086995,0.6855751478966541
island pond,island pond,25,0.853753653635106,0.528175675179402
vermont,vermont,35,0.8875616040397849,0.49388760616034866
atf,atf,36,0.8048376615526232,0.5989771902848622
episcopalians,episcopalians,34,0.8035765476661869,0.601172061237971
catholics,catholics,32,0.7218818346961847,0.6923698759846899
the jehovah's witnesses,the jehovah's witnesses,24,0.6818389141923616,0.7373726971595769
the family (formerly the children of god),the family (formerly the children of god),30,0.44083187872069873,0.9100992155288022
the branch davidians,the branch davidians,1,0.48838857343426517,0.8892246554548345
jehovah's witness,jehovah's witness,24,0.6926392250535316,0.7258562997671657
lewis and melton,lewis and melton,35,0.840744034229461,0.5541010442127708
wright,wright,35,0.8526216443588334,0.5391337679515855
sahaja yoga,sahaja yoga,17,0.564810940921707,0.836254288216741
sri mataji,sri mataji,17,0.8315356302628817,0.5705506280598003
coney,coney,35,0.8585483384026676,0.5315868288260012
cult,cult,52,0.5969311090704693,0.8029766097337343
hinduism,hinduism,24,0.7434377724349662,0.6692629523198426
waldorf schools,waldorf schools,35,0.8352691835934791,0.5609290111812113
anthroposophy,anthroposophy,34,0.644890848747025,0.7687780579681665
gurdjieff,gurdjieff,25,0.8616431008170522,0.5172062341957426
school of economic science,school of economic science,34,0.8313547424074872,0.5680552237683354
vedanta,vedanta,25,0.864815990394545,0.5127653640443652
puttick,puttick,35,0.8875651319613921,0.49388333032129916
sai baba,sai baba,23,0.6258616619833743,0.786170091963663
findhorn,findhorn,25,0.8840023002269946,0.4855689831323572
carl jung,carl jung,35,0.7966889615018677,0.6077819541323496
abraham maslow,abraham maslow,24,0.8334599589290692,0.5591364489503998
vaishnava,vaishnava,25,0.872823453285496,0.5014870102768172
james,james,25,0.8330912813917152,0.5564272968155444
prout,prout,25,0.838876244790819,0.5485869625388955
middleton,middleton,35,0.8547214654408686,0.5364661441441854
taylor,taylor,35,0.8474897880649173,0.5456260362096319
buddha,buddha,25,0.780131484159344,0.6256776146738497
word of life,word of life,35,0.7245384450830795,0.6894576438729971
religious movements,religious movements,39,0.5805441456855182,0.8214561507464888
children in new religions,children in new religions,39,0.6441125136177154,0.7668422717925669
one earth,one earth,35,0.7181460256702135,0.6963205521756256
level above human,level above human,35,0.7238901843859077,0.6901566721808232
kingdom of heaven,kingdom of heaven,4,0.6417647266080858,0.7732486551360445
rae ¨lian religion,rae ¨lian religion,6,0.5927747013577385,0.8071299959547387
clonaid,clonaid,25,0.873872171355145,0.500002578266386
ufo book,ufo book,35,0.7837173158169833,0.6230374463686378
james r. lewis,james r. lewis,35,0.8210555182688978,0.5784485455270435
paleo-seti,paleo-seti,35,0.8200779917552548,0.5796423252796794
oahspe,oahspe,25,0.8172977059127271,0.5775547444718072
helena p. blavatsky,helena p. blavatsky,35,0.8523161591215079,0.539521276209024
guy ballard,guy ballard,35,0.8498686178032739,0.542621796026046
ascended masters,ascended masters,35,0.749227005337819,0.6623819833419389
spiritism,spiritism,15,0.7723588723356134,0.6411053889112899
ashtar,ashtar,25,0.8693353459350295,0.5064132421160528
lucifer,lucifer,15,0.835398786901996,0.5714973215188719
great white brotherhood,great white brotherhood,24,0.745674079302661,0.6666793182643118
ashtar command,ashtar command,24,0.8777954614301035,0.5002788745903688
great tribulation,great tribulation,24,0.7964394335384493,0.6059470375306266
planetary activation organization,planetary activation organization,34,0.7973275017201408,0.6084671081293145
ufo faith,ufo faith,52,0.7576679071088186,0.6615611337763532
brotherhood of the sun,brotherhood of the sun,24,0.7514705844316114,0.6599470883517412
thetans,thetans,34,0.7804458142828793,0.6278893822833596
have you lived before this life?,have you lived before this life?,35,0.8741847288941176,0.511425003001795
dharma,dharma,25,0.7696660257155975,0.6388244213040514
genesis,genesis,35,0.7993114901661336,0.6046673237087629
pseti,pseti,25,0.8831903333473952,0.4867314025255869
thetan,thetan,37,0.7666077011370993,0.6513202283492503
indian,indian,25,0.8046405492796375,0.5941945958703434
the gods have landed,the gods have landed,55,0.7319935272652597,0.6813381228467931
j. gordon melton,j. gordon melton,35,0.9219264830563458,0.4476141283489435
cargo cults,cargo cults,52,0.6940418340408001,0.7215520603682818
millenarian movements,millenarian movements,39,0.7112038524255813,0.7030520943989631
star trek,star trek,2,0.7374845504834593,0.692175197971542
ufo,ufo,35,0.7677913815470505,0.641424426095224
raelian movement,raelian movement,6,0.5217197899738711,0.8596555916763089
the aetherius society,the aetherius society,34,0.66840769605142,0.7462570077763874
esoteric buddhism,esoteric buddhism,34,0.7513831192276555,0.660352327844604
god,god,55,0.7514197076170187,0.6603741411945235
hanegraaff,hanegraaff,25,0.8864626933302028,0.48203767386871127
swedenborgian church,swedenborgian church,32,0.7557128423119084,0.6573873643825872
osho movement,osho movement,20,0.7285465731799454,0.6850045437424694
us,us,35,0.7664357926179529,0.6429722250159053
mormonism,mormonism,2,0.7325017365437204,0.6965151805569336
masonic,masonic,24,0.817150158845275,0.5800216177303659
clear,clear,35,0.7925621455893461,0.6126620312635496
i,i,25,0.705153373089626,0.7159444591894311
freemasonry,freemasonry,24,0.7719994873255884,0.6356846105836012
mormon church,mormon church,2,0.6475089250355561,0.7660171792225777
mormon,mormon,2,0.699307788935368,0.7246781424503718
ross,ross,29,0.8479764644031637,0.5583152103397075
esotericism,esotericism,34,0.7277058334532367,0.68588926542256
aryan,aryan,25,0.8218071178454338,0.5715630214583856
reiki,reiki,25,0.7498839874433777,0.6631897767929348
ot,ot,35,0.7839211789974445,0.6227993402673612
scott,scott,25,0.8506729055004406,0.5324318779117843
helena blavatsky,helena blavatsky,35,0.8385603728127118,0.5568295717974292
rudolf steiner,rudolf steiner,34,0.83146895227326,0.5679165249605225
ellwood,ellwood,35,0.8990922774576647,0.4785575391084407
conversations with god,conversations with god,32,0.6986398864885867,0.7154736027681026
new age milieu,new age milieu,19,0.5653000200664577,0.8314212716450167
freemasons,freemasons,24,0.7828023808265334,0.6226543997903128
reiki master,reiki master,25,0.8150725646898516,0.5804986290192453
corpus hermeticum,corpus hermeticum,34,0.7826996997938569,0.625320545627364
sri lanka,sri lanka,25,0.886121644892161,0.48252821705876636
d. t. suzuki,d. t. suzuki,25,0.8364057716975211,0.5519414605045435
theosophical movement,theosophical movement,34,0.5933884520560627,0.8152818270479734
sedona,sedona,25,0.8649682601811767,0.5125532351504314
glastonbury,glastonbury,35,0.8079377018028802,0.5943499278731305
george trevelyan,george trevelyan,35,0.8868542677993018,0.49482216048362093
ufo groups,ufo groups,52,0.7507601453564353,0.6683287339986476
york,york,35,0.8297385376656818,0.5677812153586778
lucis trust,lucis trust,35,0.8687534799046258,0.5184692275821312
eileen caddy,eileen caddy,25,0.8727275112346538,0.5016231753436614
arcane school,arcane school,35,0.7671575688371272,0.6421487865267312
a course in miracles,a course in miracles,35,0.7317509813923668,0.6816418193074814
you can heal your life,you can heal your life,35,0.7993346660633663,0.6046391709756032
the celestine prophecy,the celestine prophecy,37,0.7304104795517348,0.6869496316828958
native american,native american,24,0.7716480421652442,0.6361053524775165
western mystery tradition,western mystery tradition,16,0.7821957030994182,0.6266495522380571
gnosticism,gnosticism,39,0.7471918344886503,0.6662327018851646
david spangler,david spangler,35,0.8662959528210081,0.5216420582907725
passover,passover,35,0.7790889477347662,0.6284196456669151
kindred spirit,kindred spirit,35,0.7501165235288041,0.6613893370593508
israelites,israelites,24,0.6820031662473057,0.7371994152133245
caddy,caddy,25,0.8203507770154684,0.5735015935136193
peter caddy,peter caddy,35,0.8786163864754876,0.5056446154980001
dorothy maclean,dorothy maclean,35,0.8840131133451902,0.4985658521949963
alexander technique,alexander technique,35,0.8586704129688267,0.5314309394381511
shirley maclaine,shirley maclaine,25,0.8681951775463848,0.5080194336121916
louise hay,louise hay,35,0.8203095757102791,0.5793591898691358
mcguire,mcguire,25,0.889170446751382,0.478140695095156
cultic milieu,cultic milieu,41,0.4106515326758819,0.9190545859998359
white eagle lodge,white eagle lodge,35,0.8633963867792624,0.5253745436264787
roof,roof,35,0.7651067118719017,0.6444870880215673
second world war,second world war,24,0.8744426874001717,0.5048359157818925
bloch,bloch,25,0.9057727788775793,0.45398566691485737
miller,miller,35,0.861647036174726,0.5276199980967202
auroville,auroville,25,0.9085120475524543,0.4499577168435156
bailey,bailey,25,0.8673052744468825,0.5092711190982742
the times,the times,37,0.6245755646872881,0.7812415689873733
brown,brown,35,0.8456114983942099,0.5479926800676937
world trade center,world trade center,36,0.7816541740608939,0.626028660180038
blavatsky,blavatsky,35,0.8464461773079807,0.5469414336307301
secret doctrine,secret doctrine,35,0.7451900222006722,0.6668713103875327
evangelical christian,evangelical christian,32,0.730526453715098,0.6835835417122854
korea,korea,25,0.8097322646058822,0.5875319632769662
vietnam,vietnam,36,0.8554133342561079,0.5372208513472821
cao dai,cao dai,25,0.8233301544447137,0.5695326260945179
tonghak,tonghak,25,0.8013562052513749,0.5984699763669175
falungong,falungong,8,0.7246883507642906,0.69670751994759
people's republic of china,people's republic of china,36,0.8197423785799206,0.581168421137241
lotus sutra,lotus sutra,34,0.807692551020532,0.596336039887877
kuomintang,kuomintang,25,0.8072326235431238,0.5908080680672898
tao,tao,25,0.7546466716506326,0.6573812883890293
caodai,caodai,25,0.8087138892726704,0.5888678739105271
confucianism,confucianism,24,0.7953732393480064,0.6072632813925334
mahayana,mahayana,25,0.8447715354101896,0.54054215356294
catholic,catholic,2,0.7951786921372955,0.6397777969453904
won buddhism,won buddhism,25,0.8435923295617559,0.5421553100811851
meiji period,meiji period,25,0.8640448731976568,0.5138465845400457
nichiren,nichiren,25,0.8329661562689792,0.5565962709333814
deguchi nao,deguchi nao,25,0.7863252268350444,0.6178138768377444
goddess,goddess,32,0.8072826320710312,0.6009807790211877
wiccan,wiccan,16,0.6532334793394597,0.7600410166977536
neo-paganism,neo-paganism,31,0.5255107147535234,0.8613951201792769
gardner,gardner,35,0.8962763572073182,0.4823192582188692
frazer,frazer,25,0.8554023330445544,0.5258915645942186
paganism,paganism,31,0.6004154510946814,0.803361783812286
goddess worship,goddess worship,32,0.7389206118192558,0.6749513201731214
druidry,druidry,25,0.859944844198971,0.5195757610387234
heathenry,heathenry,34,0.846848744225026,0.5490950242654564
goddess spirituality,goddess spirituality,55,0.777846772212627,0.6309742589339042
eller,eller,35,0.8683527649402869,0.5189874440633155
michael york,michael york,35,0.8492643523963385,0.5433855675934469
helen berger,helen berger,35,0.8662497262802987,0.5217022464365644
persuasions of the witch's craft,persuasions of the witch's craft,34,0.7652862509665025,0.6449765799302318
tanya luhrmann,tanya luhrmann,35,0.8386541344330196,0.5567127487394848
luhrmann,luhrmann,35,0.8757546129449407,0.5093806554329687
a community of witches,a community of witches,16,0.7163971989626138,0.6977031406817875
enlightenment,enlightenment,35,0.7404565973065766,0.6721039233844555
anthony giddens,anthony giddens,25,0.8540719010272093,0.5277351784588848
craft,craft,35,0.7815600954701133,0.6255500743497701
order,order,28,0.7391757647497239,0.6765485169533335
susan,susan,25,0.8450825927785077,0.5401160972238237
jack,jack,25,0.8113116041832746,0.5854570157183215
temple,temple,7,0.6979246498795058,0.7185510770496786
arthur,arthur,35,0.863158808506271,0.5256797355450934
c,c,25,0.7990069171970947,0.6015174106468826
pike,pike,25,0.8311076356417417,0.5591026852863286
sarah,sarah,35,0.8303592020194857,0.5670151853884395
place,place,35,0.7340138347642737,0.6791734238241561
politics,politics,2,0.7923829258135855,0.6424079668011493
michael,michael,35,0.8236808954242828,0.5752350194475825
dorothy,dorothy,35,0.8536153536956409,0.5378723014778897
levine,levine,35,0.8717395369112424,0.5146018616059118
hell,hell,15,0.8090233157533703,0.6012847528003911
newton,newton,35,0.826730453209514,0.5714896733819659
roy,roy,25,0.8288470159589177,0.5621443353122826
reclaiming,reclaiming,35,0.7479965846256148,0.663752543405268
israel,israel,24,0.7664117704086069,0.6423536114858971
charles,charles,35,0.8357822791281567,0.5602907663866348
america,america,37,0.7434834173441993,0.6742806252367315
restoration,restoration,35,0.7530790609467486,0.6580750148577628
hubbard,hubbard,35,0.8280923523736219,0.5698125035925661
t,t,25,0.7833802450500923,0.6215605408011267
thomas,thomas,35,0.8567909711217753,0.5338302399119874
témoins de jéhovah,témoins de jéhovah,24,0.7371469441431271,0.6764885447816764
susan palmer,susan palmer,35,0.8737045532345408,0.5120494102118149
violence,violence,35,0.7500350067234729,0.6614804783697202
aum shinrikyˆ o,aum shinrikyˆ o,26,0.5461933852339493,0.8419227666036634
al qaeda,al qaeda,24,0.7109933883536728,0.7058706580799887
september 11,september 11,35,0.8213528826310428,0.5780849319362646
cults in context,cults in context,52,0.6702395915473462,0.7426430244542479
comprehending cults,comprehending cults,58,0.6329645075982124,0.7749505985678269
apocalypse observed,apocalypse observed,35,0.7241056346452968,0.689924542699531
cultures of inquiry,cultures of inquiry,35,0.7627837492005638,0.6471283571873809
order of the solar temple,order of the solar temple,28,0.5232592937230591,0.8605827553195454
oklahoma city bombing,oklahoma city bombing,35,0.8488266687890312,0.5439386004900875
timothy mcveigh,timothy mcveigh,35,0.878039547798861,0.5063980997809472
osama bin laden,osama bin laden,24,0.7974822193564373,0.6046574106428229
kenya,kenya,24,0.8309022290687756,0.5624389999216269
tanzania,tanzania,25,0.8562597347668256,0.5247014408939025
islamic,islamic,24,0.6778922128535768,0.7415361158744562
hadith,hadith,24,0.7188705616720995,0.6971327793233569
wahhabi,wahhabi,24,0.6918367583255537,0.72671824082302
muslim brotherhood,muslim brotherhood,24,0.64191048076004,0.7783767057688498
islamist,islamist,24,0.6496496189263363,0.7706225325500258
al-banna,al-banna,24,0.7881070194665895,0.6161893732266512
milestones,milestones,35,0.7284714389831577,0.6852050552630706
brotherhood,brotherhood,35,0.7397940452436542,0.6728338260252145
mawdudi,mawdudi,25,0.7737018766455416,0.6337758146491956
qutb,qutb,24,0.8698037200600974,0.511113485552644
lebanon,lebanon,24,0.7903178545064968,0.6134826396196225
sudan,sudan,24,0.8442988977627336,0.5450288786834157
egypt,egypt,24,0.7611344798637872,0.648607298072411
saudi arabia,saudi arabia,24,0.8122707932457488,0.5861894781127243
abdullah azzam,abdullah azzam,24,0.8668311554299681,0.5151182160157011
iranian revolution,iranian revolution,24,0.767429608862388,0.6411422068923875
pakistan,pakistan,24,0.8078186344618448,0.5917849925136215
bin laden,bin laden,24,0.7814567399776345,0.6242870936832274
jihad,jihad,24,0.7068753134396301,0.7104000838236473
islamic fundamentalism,islamic fundamentalism,24,0.749645924965041,0.6620720382652122
muslim world,muslim world,24,0.7110161352155823,0.7058457158368456
"the covenant, the sword, and the arm of the lord","the covenant, the sword, and the arm of the lord",32,0.7715257822461612,0.6404870292493872
bromley and melton,bromley and melton,35,0.9163456418058427,0.45524893077072337
dramatic denouements,dramatic denouements,35,0.7371174341111014,0.675775742545869
latent tension,latent tension,35,0.7068340916281376,0.7083160692018868
nascent conflict,nascent conflict,35,0.7546768973964345,0.6562830022821184
intensified conflict,intensified conflict,35,0.7354984995497775,0.6775497861910166
batf,batf,36,0.8840734372126594,0.5005539108168019
williams,williams,35,0.8538705889832722,0.5375475763245469
rev. sun myung moon,rev. sun myung moon,32,0.8329024222793229,0.5715741354781657
prabhupada,prabhupada,25,0.8446949622285417,0.5406467202582633
opus dei,opus dei,32,0.7561535116175967,0.6569211905397929
christian identity,christian identity,32,0.7343857351706027,0.6796267703853907
dramatic denouement,dramatic denouement,35,0.7514501840539877,0.6598992371717912
unificationism,unificationism,27,0.6505927777136423,0.7594296369723783
the hare krishna,the hare krishna,5,0.6232096205597929,0.7846949179657599
synanon,synanon,35,0.8166990930281229,0.5837577550386248
church of the living word,church of the living word,32,0.6060718568973418,0.7999930056684585
internal revenue service,internal revenue service,36,0.7782730240571837,0.6299075741087651
seventh-day adventism,seventh-day adventism,32,0.7346657326456707,0.6793389443953237
seven seals,seven seals,35,0.8134105980376658,0.587746787368767
armageddon,armageddon,24,0.7796520713353573,0.6264728762966671
second coming,second coming,35,0.7567834971018853,0.6539134407289736
davidians,davidians,1,0.6522386076719965,0.7591164046092063
davidian,davidian,1,0.7032442668914538,0.7109851335983071
the solar temple,the solar temple,7,0.35264757180415324,0.9519780732262507
ots,ots,35,0.7757054456956365,0.6323345630660586
joseph di mambro,joseph di mambro,25,0.8925108687479122,0.4733165501159298
luc jouret,luc jouret,35,0.8794828511742575,0.5045114107884321
la pyramide,la pyramide,37,0.7382576657056815,0.6793720231647937
golden way,golden way,37,0.8558651540129623,0.55609897661323
di mambro,di mambro,25,0.8052661838202492,0.593378245846401
jouret,jouret,25,0.8974304044237991,0.46617960646652434
transit,transit,35,0.7998631772320774,0.6040103627116336
asahara shˆ okˆ o,asahara shˆ okˆ o,25,0.7380197592290715,0.6774983108238555
asahara,asahara,25,0.8140797865306356,0.5818097520045891
matsumoto,matsumoto,25,0.8060294691096643,0.5923813371882869
u.s. government,u.s. government,36,0.7502148263436983,0.6614500395654742
do,do,25,0.745154614689676,0.6689203494071515
away team,away team,37,0.7895294364132335,0.6278663816048816
united order,united order,28,0.7604958498843924,0.6549613617831872
mahikari,mahikari,25,0.7822824588732729,0.622953806364178
protestants,protestants,32,0.7358003561357311,0.6781712309300948
rwanda,rwanda,25,0.8525804190476257,0.529798439777479
christians,christians,14,0.6609831480465032,0.7525408268399454
indonesia,indonesia,24,0.8477342435590257,0.5405193541112634
middle east,middle east,2,0.8006336743893506,0.6346194402304011
northern ireland,northern ireland,36,0.8636974349019658,0.5267458798443261
quakers,quakers,24,0.8172801844889528,0.5798564021481911
anti-catholicism,anti-catholicism,47,0.7158761696814645,0.7005723165996915
west coast,west coast,37,0.8330023731374857,0.5814875576754945
jimmy swaggart,jimmy swaggart,25,0.8700965996210844,0.5053399259113098
the church of the lamb of god,the church of the lamb of god,32,0.5744792602545673,0.8260932459575104
ervil lebaron,ervil lebaron,25,0.8908743076998575,0.47568279169221883
church of the lamb of god,church of the lamb of god,32,0.6025446813121035,0.802975985087587
apostolic united brethren,apostolic united brethren,32,0.7337886181073644,0.6802403595389724
nation of islam,nation of islam,24,0.6798996483880111,0.7394214247048494
concerned christians,concerned christians,32,0.6717332718781545,0.7412774508365809
jai press,jai press,35,0.8377467327731145,0.5578444117011807
cambridge university press,cambridge university press,34,0.8164788967931287,0.5859299746637464
greenwich,greenwich,35,0.8655212078618575,0.5226409892130579
hearing the voices of jonestown,hearing the voices of jonestown,35,0.8012997212037216,0.6022990836729007
syracuse,syracuse,35,0.8704599414131442,0.5162609825017123
syracuse university press,syracuse university press,34,0.8295858585954189,0.5701977996020736
their blood cries out,their blood cries out,35,0.7558373503095296,0.654978552564855
detroit,detroit,35,0.8055930360736824,0.597165111444233
susan j. palmer,susan j. palmer,35,0.8867163738947821,0.4950039327313932
new brunswick,new brunswick,35,0.8638957921513682,0.5247330057365185
ny,ny,35,0.8159981082654973,0.5846091692495516
cults in our midst,cults in our midst,52,0.67988283400954,0.7341866957933267
san francisco,san francisco,2,0.8526255101053187,0.583685780792884
jossey-bass,jossey-bass,25,0.8520059119126209,0.530592223588672
s. n. eisenstadt,s. n. eisenstadt,25,0.8855274552822601,0.48338147177542634
chicago,chicago,35,0.8576267658369626,0.5327635897308449
university of chicago press,university of chicago press,34,0.8651756528369031,0.5262157497055635
philadelphia,philadelphia,37,0.8182310496601591,0.597525242837011
the children of god,the children of god,30,0.4736670199433885,0.8903367344785533
the heaven's gate suicides,the heaven's gate suicides,3,0.49656682439236094,0.8792004801939439
earth first,earth first,35,0.7023865178364171,0.7129798048184497
jewish people,jewish people,24,0.6786396400248488,0.740749811867779
marxism-leninism,marxism-leninism,24,0.7592093351057828,0.6508779204935642
annie besant,annie besant,35,0.8549301837578236,0.536200387670474
second coming of christ,second coming of christ,32,0.6861243740058851,0.727602469793501
jones,jones,35,0.8734565860605845,0.5123717691911751
tribulation,tribulation,35,0.7743620866932472,0.6338841937872348
old believers,old believers,37,0.7090939979213129,0.7071261104232136
last days,last days,35,0.7408930910522857,0.6716234431056026
kanter,kanter,25,0.8977169875595418,0.46576237620627947
totalism,totalism,35,0.7955436969358312,0.6091388795072326
montana freemen,montana freemen,35,0.869779917585463,0.5171411878918362
federal bureau of investigation,federal bureau of investigation,36,0.7817081707190415,0.6259665721824498
anderson,anderson,35,0.8569395043411966,0.5336407223242862
social,social,35,0.7288825146317991,0.6847592607226762
new,new,35,0.6746192879620478,0.7414329818438065
religions,religions,39,0.7228771103684277,0.6913085677390236
kilbourne,kilbourne,25,0.8708564409116681,0.5042676039976084
proceedings,proceedings,35,0.759077765294186,0.6513250656265726
dick,dick,25,0.8397156909992972,0.5474448454650972
terrorism,terrorism,24,0.7107723465868001,0.7061144776907871
law,law,35,0.7622171261967459,0.6477710258201025
first,first,35,0.7135220423531852,0.7012467918491956
moon,moon,25,0.7804171043545586,0.6253164750719293
jacob,jacob,25,0.8557577912761201,0.5253982894129436
george,george,35,0.8500939471987975,0.542336825641067
baker,baker,25,0.8448316308709569,0.5404593654512628
identity,identity,35,0.7343675305570797,0.6787869948597638
movement,movement,39,0.6930625721300082,0.7209237545089249
a,a,25,0.7324709505214597,0.6841118434558205
david,david,1,0.7493744120389815,0.6643353058295111
g,g,25,0.7940806487569609,0.6078788390623041
ct,ct,35,0.8406233213458173,0.5542521558676459
press,press,35,0.7554113999001095,0.6554572396854175
paul,paul,35,0.8607746632497457,0.5287382307261215
republic,republic,35,0.8543629105372356,0.5369217211383698
salvation,salvation,32,0.7117171143001991,0.7025672571467063
suicide,suicide,3,0.7120439015051798,0.7030689343178119
bloomington,bloomington,35,0.8539186627284152,0.5374865173472
indiana,indiana,35,0.8661205811891686,0.5218684235609047
oxford,oxford,35,0.8339888365808001,0.562519536095204
world,world,35,0.6968615214654393,0.7187325130567656
toronto,toronto,35,0.7970125513953487,0.6073983338099131
gandhi,gandhi,25,0.8104227031634652,0.5866248547178885
bass,bass,25,0.7978823901100446,0.6029729198427598
kets de vries,kets de vries,25,0.8624252637318425,0.5161127618904227
holy grail,holy grail,35,0.8050742060104952,0.5977868540889223
rosicrucianism,rosicrucianism,29,0.586929919647571,0.8135611191504075
moses,moses,24,0.8027437090219517,0.5981256790689105
comte de saint-germain,comte de saint-germain,24,0.8933531885027671,0.4789019105675607
group psychology and the analysis of the ego,group psychology and the analysis of the ego,43,0.7933030135719429,0.6138202356248119
albert bandura,albert bandura,25,0.9009816928446662,0.46100236740919104
heinz kohut,heinz kohut,25,0.9066857053504638,0.45264473408695616
downton,downton,35,0.8638249849219928,0.5248233261756569
concerned relatives,concerned relatives,35,0.6517226270606927,0.7640319495530554
sakamoto tsutsumi,sakamoto tsutsumi,25,0.7875015426543657,0.6163126849502902
the movement for the restoration of the ten commandments of god,the movement for the restoration of the ten commandments of god,39,0.677616626805498,0.7357763105867483
rajneesh movement,rajneesh movement,20,0.5725634991478621,0.8324352489659368
dawson 1998,dawson 1998,21,0.7770280038244167,0.6312768423126955
sun myung moon,sun myung moon,25,0.8324279842926267,0.557322442233099
daisaku ikeda,daisaku ikeda,25,0.7139544167409706,0.7058213677684035
california,california,37,0.8712963103601664,0.5385746228495387
"bureau of alcohol, tobacco, and firearms","bureau of alcohol, tobacco, and firearms",36,0.8006505880041637,0.6039212500518311
congress,congress,36,0.8334191305008889,0.5645396880879503
davidian compound,davidian compound,1,0.7877433207878823,0.6232772212643208
the two,the two,37,0.6236378504998933,0.7820112535134274
marshall applewhite,marshall applewhite,35,0.827230084476974,0.5708748757064559
bonnie nettles,bonnie nettles,35,0.8373783942238331,0.5583038090914727
ti,ti,25,0.7566466721400423,0.6549316001481169
mt. carmel,mt. carmel,24,0.8182112064889668,0.5786752373190915
the mystical apocalypse of the solar temple,the mystical apocalypse of the solar temple,7,0.5764571309995087,0.8181643063373609
"millennium, messiahs, and mayhem","millennium, messiahs, and mayhem",45,0.7858113585501778,0.622942051621469
thomas robbins,thomas robbins,35,0.903582514831768,0.4725340043148418
vienna,vienna,35,0.8343834179958979,0.5620293221725218
david g. bromley,david g. bromley,1,0.8698287420059653,0.52855408519111
praeger,praeger,25,0.8721044605717606,0.5025045823304752
berkeley,berkeley,35,0.8275936196266096,0.5704270428209581
university of california press,university of california press,34,0.8444033574321423,0.5521105044238586
armageddon in waco,armageddon in waco,50,0.858021895549136,0.5336733612574688
cwgs,cwgs,35,0.8355991997787702,0.5605183488451563
cag,cag,36,0.8811924296687443,0.5042942992289038
ananda marga,ananda marga,17,0.7691077982825485,0.6418379635483686
cags,cags,35,0.8299634765029585,0.5675037516313943
ccgs,ccgs,35,0.8751975553339181,0.510106174144842
roman catholics,roman catholics,2,0.7281969100845619,0.7002416321773597
london school of economics,london school of economics,34,0.7996845502686343,0.6057220606662082
rogs,rogs,35,0.7680636081815374,0.6411134772164164
research network on new religions (renner),research network on new religions (renner),13,0.5537157681574625,0.8327810117267128
cdgs,cdgs,35,0.8577781926907372,0.5325698141914799
power,power,35,0.7822518958119391,0.6247447495731805
antelope,antelope,35,0.839299027715774,0.5559075380071654
oregon,oregon,35,0.8890995231345298,0.49185442818656533
armenia,armenia,24,0.8240820457841449,0.5711952678823776
fair,fair,36,0.7319204166913011,0.6813918117117881
ted patrick,ted patrick,35,0.838483593959992,0.5569256183749477
krishna devotees,krishna devotees,5,0.6891992856201785,0.7245840440979505
babylon,babylon,24,0.8258385230908785,0.5689473142122335
the system,the system,37,0.5596708395051353,0.8317807693213739
li hongzhi,li hongzhi,25,0.8342327457902438,0.554884001582328
chinese government,chinese government,36,0.8097320811281703,0.5931653025161651
u.s. treasury department,u.s. treasury department,36,0.8103336705791082,0.5924484588312278
black panther party,black panther party,36,0.7834595428314098,0.6239498717742934
seventh-day adventist,seventh-day adventist,32,0.7275727947874437,0.6865971955571682
book of revelations,book of revelations,2,0.750224865740424,0.6809438953637516
steve schneider,steve schneider,35,0.8810819816111682,0.5024158992647825
abraham,abraham,24,0.8202702584824239,0.5760578159646669
joyce sparks,joyce sparks,35,0.8605502446362315,0.5290264470581127
waco tribune-herald,waco tribune-herald,36,0.9021936487312864,0.4767481914552807
mass suicide,mass suicide,3,0.769505770428149,0.6454924885105815
culture,culture,35,0.7805145456547969,0.6267651040785084
journal of church and state,journal of church and state,32,0.7335255787483494,0.6805102928342048
canton of geneva,canton of geneva,24,0.9160563862562199,0.44703321403783913
cheiry,cheiry,25,0.8482046498548882,0.5358302365085393
amorc,amorc,35,0.9113522453809766,0.46203972083375755
raymond bernard,raymond bernard,35,0.9167908673071895,0.45464140152835786
camille pilet,camille pilet,35,0.8884950123229518,0.4926545323465743
salvan,salvan,25,0.8394580833846941,0.5477955527012671
testament,testament,35,0.7799413584246264,0.6274306250316635
new man,new man,35,0.7522809199854814,0.6589695833583311
earth,earth,35,0.748057212227332,0.6636849952532486
rosicrucian,rosicrucian,29,0.5868850448641505,0.8135969877200738
oakes,oakes,25,0.8494567614045477,0.534107846839027
indiana university press,indiana university press,34,0.8418640230150097,0.5552329586935397
albany,albany,35,0.8645724874828851,0.5238622863006511
state university of new york press,state university of new york press,34,0.8427610996201742,0.5541309473651255
dick anthony,dick anthony,25,0.8980855830379886,0.4652255690449104
nj,nj,35,0.8541240169120019,0.5372250890765362
quaderni di diritto e politica ecclesiastica,quaderni di diritto e politica ecclesiastica,39,0.8442038647231161,0.5579279709996118
catherine wessinger,catherine wessinger,35,0.8750637402437211,0.5102806928030259
paris,paris,36,0.8163145311255738,0.5852930869461892
milan,milan,25,0.8435697782073608,0.5421865905545451
destroying the world to save it,destroying the world to save it,35,0.7876609833413358,0.6184251820566758
the future of immortality and other essays for a nuclear age,the future of immortality and other essays for a nuclear age,19,0.7776236882568296,0.6354196812344755
prophetic charisma,prophetic charisma,54,0.6597682039701543,0.7517393412943272
anti-cult movement,anti-cult movement,47,0.6231127266786513,0.7825214298878322
faith,faith,32,0.6911078711931938,0.7227994860708099
vatican,vatican,32,0.7872513418850181,0.6233329480537143
reader,reader,35,0.7823748425253237,0.6246019105234979
metsubˆ o no hi,metsubˆ o no hi,25,0.7302044390041543,0.6867995062922163
majima,majima,25,0.7476389542943543,0.665914614961221
murai,murai,25,0.7724544972931111,0.6353386858958507
tokyo,tokyo,25,0.7712233593881834,0.6368792626746573
ufo cult,ufo cult,52,0.5711217827829993,0.8225564414615287
san diego,san diego,37,0.8847146614037064,0.5230819591644753
university of alabama,university of alabama,24,0.8485727838605835,0.5394161686079921
houston,houston,35,0.8496605915526277,0.5428846902683399
demonstration,demonstration,49,0.6999458413881869,0.7142042120675252
classroom,classroom,35,0.7242709997755801,0.6897461270173513
the next level,the next level,35,0.6794554904312146,0.7365596935100702
arizona,arizona,35,0.8705503551790599,0.5161436898767511
class,class,35,0.795537363805669,0.6091463187603983
kingdom,kingdom,35,0.8358736305849129,0.5601773173028304
usa today,usa today,35,0.8062419300774826,0.5963862420876527
easter,easter,32,0.774399622555812,0.6373778339742429
life,life,35,0.7285205212044136,0.6851520971032485
turner,turner,35,0.8332936632267497,0.5633820548921216
leo ryan,leo ryan,25,0.8421372622769361,0.5441433457333653
sweden,sweden,36,0.8355659503978116,0.5619037884174825
russian federation,russian federation,36,0.8079040794715988,0.59533994516127
the movement for the restoration of the ten commandments,the movement for the restoration of the ten commandments,39,0.6560902298667357,0.7559169366592655
mrtc,mrtc,35,0.905320215155322,0.47019509852619823
credonia mwerinde,credonia mwerinde,25,0.8921611642006501,0.4738225937686095
virgin mary,virgin mary,32,0.7779289478964284,0.6335438211181506
ten commandments,ten commandments,24,0.7548988719228519,0.655940784885412
roman catholic,roman catholic,2,0.7431420856916864,0.687211529795015
massimo introvigne,massimo introvigne,25,0.8736585647034264,0.5003052819803623
joseph kibwetere,joseph kibwetere,25,0.8481801495450202,0.5358644642331929
kanungu,kanungu,25,0.8031440750369516,0.5961445262224448
togo,togo,25,0.847673384220179,0.5365611538471262
makerere university,makerere university,25,0.8552116964744818,0.5261561653489113
church of jesus christ of latter-day saints,church of jesus christ of latter-day saints,32,0.5923791394078827,0.8114767367304336
"farrakhan, louis","farrakhan, louis",24,0.8700118757069804,0.5108331372225564
human individual metamorphosis,human individual metamorphosis,35,0.7761024495259451,0.631876208672167
"jouret, luc","jouret, luc",35,0.8827802054194319,0.5001867371817412
justice department,justice department,36,0.7605393135020602,0.6499779001080235
"kibwetere, joseph","kibwetere, joseph",25,0.8510412967509526,0.5319238808553519
nation of yahweh,nation of yahweh,24,0.7406063608420349,0.6725226862476712
luciferians,luciferians,24,0.773665671301401,0.6336863409259905
"koresh, david","koresh, david",1,0.8151172794406822,0.5927316404958995
reconstructionists,reconstructionists,35,0.778460488739412,0.6291484674130574
renewed order of the temple,renewed order of the temple,28,0.6202280478467587,0.7857199679931314
ruby ridge,ruby ridge,35,0.8520039887700719,0.5399173070246955
seventh-day adventist church,seventh-day adventist church,32,0.7137446757460802,0.7005446487554934
way international,way international,35,0.8347867009117956,0.5615288703702586
wounded knee,wounded knee,35,0.7833028012794062,0.6235204853975903
ronald reagan,ronald reagan,36,0.8312145910227355,0.5672385409683982
anders breivik,anders breivik,24,0.8336072778999779,0.5589457552289403
jaspers,jaspers,25,0.8587863787747928,0.521189558196069
under the banner of heaven,under the banner of heaven,35,0.8152333939165466,0.5855368693922521
jesus christ,jesus christ,32,0.7323714706475923,0.6816944561387717
prophet muhammad,prophet muhammad,24,0.7429235880053167,0.6698557153455553
karl marx,karl marx,36,0.7842209353772461,0.6230723957405853
adolf hitler,adolf hitler,36,0.8029636965623778,0.6011929433929926
nazis,nazis,24,0.7357763190524216,0.6780548310259191
cambridge,cambridge,35,0.8434017679176616,0.550770205207612
ma,ma,25,0.7905955147501699,0.6123555632319548
mit press,mit press,35,0.8043126361807189,0.5986991630995067
ca,ca,36,0.8784253245943654,0.50787523665764
sage,sage,25,0.7855740241514814,0.6187707366031481
schizophr res,schizophr res,35,0.8240460087220474,0.5747871538395604
psychol med,psychol med,43,0.8616712054564368,0.5320611069399119
uk,uk,36,0.7700985633308597,0.6392165239137851
penguin,penguin,35,0.824042306977769,0.5747920230259146
am j psychiatry,am j psychiatry,35,0.7828500511006907,0.6240482827267497
bentall rp,bentall rp,35,0.8810866899651922,0.5024095227519234
schizophr bull,schizophr bull,35,0.8276581652317037,0.5703476977104698
blackwell,blackwell,35,0.8857725425188118,0.49624851549487414
harpercollins,harpercollins,35,0.7947556285270759,0.6100714600514037
barbados,barbados,24,0.8806277222151532,0.4964144150218198
trinidad,trinidad,35,0.8803160765151238,0.5034193915141563
jamaica,jamaica,24,0.8385053909352174,0.5525923196333875
dsm-5,dsm-5,35,0.8360562723325986,0.5599500436986559
ayurveda,ayurveda,25,0.8248013430014715,0.5675671724785488
cbt,cbt,35,0.8297881705347392,0.5677210296768614
daniel,daniel,35,0.8647290630028419,0.523660806799132
turkington,turkington,35,0.9131917773639602,0.45954271022141
illuminati,illuminati,35,0.7345877353774705,0.6785463491223687
the hague,the hague,37,0.7286488000570902,0.6886397751340188
netherlands,netherlands,36,0.8400590025792942,0.556366805726467
schreber,schreber,25,0.8919387047347643,0.4741445592175709
sigmund freud,sigmund freud,2,0.8133424616007741,0.6224649940111534
goddess movement,goddess movement,39,0.7323141240411868,0.681674765661848
cnp,cnp,35,0.8629763422110748,0.525914206447013
dmi,dmi,25,0.8297079890923952,0.5609866803060493
capgras delusions,capgras delusions,43,0.8181440560349375,0.5848952263745282
beijing,beijing,36,0.8121545588124881,0.5902750840303566
hong kong,hong kong,36,0.8289085140997292,0.5700540845005385
united states of america,united states of america,36,0.7590813035417707,0.6516073217864318
anti-semitism,anti-semitism,24,0.7090349776259515,0.7080282792051291
ecthr,ecthr,35,0.8885022540510275,0.49264442401867314
bureau des cultes,bureau des cultes,52,0.785918666149745,0.6332383714536973
miviludes,miviludes,25,0.8644821737707313,0.5132334141974793
ccmm,ccmm,35,0.8997867223283257,0.4776274721488033
unadfi,unadfi,36,0.8730779159578915,0.5147640743849751
alain vivien,alain vivien,25,0.8968727763296088,0.4669898303969729
national assembly,national assembly,36,0.7440289061390128,0.6682479287207348
michael d. langone,michael d. langone,35,0.8818134695118833,0.5014558785431259
about-picard law,about-picard law,35,0.8324458043181944,0.5644330394589276
rev. moon,rev. moon,35,0.7661533807162727,0.6432943403817235
sanskrit,sanskrit,25,0.7966465224941258,0.6045703871083989
article 9,article 9,36,0.7825229926509016,0.625028523931934
aumism,aumism,12,0.8523192561159153,0.5418394629972695
u.s. department of state,u.s. department of state,36,0.7965904493625685,0.6086912636529398
european convention on human rights,european convention on human rights,36,0.7717839621984536,0.6373053598316225
jws,jws,24,0.8169354418579755,0.5802935538196011
french authorities,french authorities,36,0.7785411841565449,0.6296009823929357
french,french,36,0.7835054147368197,0.6238977384329458
guyard report,guyard report,35,0.8426551792856123,0.5517064824270093
antoine faivre,antoine faivre,25,0.8981014126459471,0.465202538230192
foucault,foucault,34,0.8378445723736543,0.5601561211022676
the family international,the family international,37,0.5425457802817413,0.8441920497509967
fecris,fecris,36,0.8892309748833942,0.493827252690173
penal code,penal code,36,0.7977435430202046,0.6073390008913524
sectarianism,sectarianism,42,0.6375924877383957,0.7723489233863821
alexander dvorkin,alexander dvorkin,25,0.8446721182838532,0.5406780851725741
nigerian,nigerian,24,0.7947807837650577,0.6079943855982572
nigeria,nigeria,24,0.8371424892574105,0.5543639824421879
christendom,christendom,14,0.6945311935319527,0.7244441994033337
conversion,conversion,35,0.7617882348092372,0.6482577683749899
marc galanter,marc galanter,25,0.8951345761244368,0.4695155253659409
jungian,jungian,25,0.8736161637415139,0.5003652661697142
altemeyer,altemeyer,25,0.9069826641469213,0.45220779033831615
conversion and 'brainwashing' in new religious movements,conversion and 'brainwashing' in new religious movements,48,0.6589976930070854,0.7536699320988235
anticult,anticult,47,0.6427151581995996,0.7661503248946113
pseudoscience,pseudoscience,35,0.7891603975677308,0.6166664777280344
minority religions,minority religions,39,0.7001024710983362,0.71404386660545
annual review of sociology,annual review of sociology,34,0.778920850121974,0.6296233784749525
bird,bird,25,0.7893775716570858,0.6139151691048716
n.y.,n.y.,35,0.7716380113531452,0.637017778651785
calif.,calif.,35,0.8309350955875455,0.5663028513400886
j,j,25,0.7808862136944484,0.6247229219557808
charisma and control in rajneeshpuram,charisma and control in rajneeshpuram,20,0.7204308746659408,0.6935468009819854
john,john,35,0.8308940074814685,0.5663538646509236
richard,richard,35,0.8451340989256485,0.5485930177860745
snapping,snapping,49,0.6979867016673096,0.7161123198773335
b,b,25,0.8028948495287582,0.5964695400602081
delgado,delgado,25,0.893789300231578,0.47146548707956903
harvard university press,harvard university press,34,0.8054322077852041,0.5989948684196438
american journal of psychiatry,american journal of psychiatry,34,0.7979355917707766,0.6077595196746226
william,william,35,0.8715717223129857,0.5148193495275134
coercive persuasion,coercive persuasion,43,0.6224580684044158,0.7885969968285935
bridge publications,bridge publications,35,0.8194898689677639,0.5803597224301138
shapiro,shapiro,25,0.8340117674736393,0.5551827025148834
robert,robert,35,0.88255284299779,0.5004858606309616
beverly hills,beverly hills,37,0.782863459693778,0.6347583473795493
margaret,margaret,35,0.8659316767244605,0.5221115267697389
cult observer,cult observer,35,0.7348799978925228,0.6782263220910574
richard ofshe,richard ofshe,20,0.8563949389641012,0.5378051607666772
janja lalich,janja lalich,25,0.8873284110888467,0.48079356331485074
alienation and charisma,alienation and charisma,54,0.6930062594692209,0.7210094544887128
exit cost analysis,exit cost analysis,44,0.8103945936343431,0.6013498703530832
marxism,marxism,24,0.7459622949566475,0.6663462122455623
road to damascus,road to damascus,24,0.8314156824665792,0.5617763626174563
chinese communists,chinese communists,36,0.7490157931046314,0.6627719085962174
brahma kumaris world spiritual university,brahma kumaris world spiritual university,5,0.7983536014600701,0.6118844655370692
brahma kumaris,brahma kumaris,25,0.8398642617196703,0.547242481963973
sathya sai movement,sathya sai movement,23,0.6622891379028694,0.7520359436737901
sathya sai organisation,sathya sai organisation,23,0.6737161101359981,0.740930628771611
brahma baba,brahma baba,23,0.7646296652646156,0.6458077960988811
sathya sai baba,sathya sai baba,23,0.5723872787868973,0.8327809925276972
babb,babb,25,0.8154612926663888,0.5799850459808376
bhagavad gita,bhagavad gita,25,0.8011494241998803,0.5987388875033722
morris,morris,25,0.8404857874682836,0.5463956648312489
bhagavan sri sathya sai baba,bhagavan sri sathya sai baba,23,0.605598936064572,0.8043214585354268
sri sathya sai books and publications trust,sri sathya sai books and publications trust,23,0.7720444876267708,0.6375186187109172
bks,bks,25,0.8503269574555977,0.532909046089844
lvep,lvep,35,0.8971620170389054,0.48113780677192636
ssehv,ssehv,25,0.8834860889594498,0.48630818494344363
living values,living values,35,0.7067193825425088,0.7084364063268491
bkwsu,bkwsu,25,0.8634884020685638,0.5146254931102396
united nations,united nations,36,0.7645680384820839,0.6454585252292946
sathya sai,sathya sai,23,0.6906897932006666,0.7240838354294438
kali yuga,kali yuga,25,0.7445391372845263,0.6696633858468422
baba,baba,25,0.7723434849911309,0.635478050144133
woodhead,woodhead,35,0.8628774855475894,0.5260413579715599
department of sociology,department of sociology,34,0.7600366574645322,0.6508151181195458
amish,amish,25,0.8124394826785666,0.5839726365543727
hutterites,hutterites,25,0.8811159701035914,0.4896984716387809
plymouth brethren christian church,plymouth brethren christian church,32,0.7731161153466848,0.6387682359833131
discordianism,discordianism,35,0.8040670756621167,0.5989929123221283
society of friends,society of friends,37,0.7555548108271161,0.6623822619989768
nazi new religions,nazi new religions,39,0.6916531360226263,0.7222930583697267
conscientious objection,conscientious objection,35,0.6706359530138771,0.7454205748758933
new versus original member states,new versus original member states,35,0.7919118644433135,0.6134288850547605
legal cases,legal cases,24,0.7889177940430471,0.6151976430507684
the church of jesus christ of latter-day saints,the church of jesus christ of latter-day saints,32,0.5134317678211235,0.8725704731748576
exclusive brethren,exclusive brethren,35,0.8215702138235536,0.5778187561386752
ecclesiae,ecclesiae,32,0.7276683722768101,0.6864996357692512
carole cusack,carole cusack,35,0.8468956505870643,0.5463753960778595
church of the flying spaghetti monster,church of the flying spaghetti monster,32,0.7286432565965484,0.6855065598953332
aumists,aumists,25,0.8781584253625719,0.49391547325238383
free exercise clause,free exercise clause,35,0.7928273805839658,0.612349490172436
alamo foundation,alamo foundation,35,0.8241501883476087,0.5746593803690058
international society for krishna consciousness (iskcon),international society for krishna consciousness (iskcon),5,0.5355943261694364,0.8551638221957203
harmony society,harmony society,34,0.7174108891990971,0.6967379659506687
landmark forum,landmark forum,35,0.7429565557722616,0.6693446003827161
amway,amway,25,0.8676889692888371,0.5087315949571783
sikh dharma,sikh dharma,25,0.8085867805423155,0.5890343130267058
aids,aids,36,0.8171675765213952,0.5842681892882388
jesus fellowship,jesus fellowship,32,0.708003468790811,0.7062568948687596
food for life,food for life,35,0.7551615937629323,0.6557384450756766
televangelism,televangelism,39,0.7322500537401772,0.6817406967963142
swedenborgianism,swedenborgianism,34,0.8406611515281069,0.5567084098508565
misa,misa,25,0.802750074009878,0.5966570286888938
rastafari,rastafari,35,0.7589586833368458,0.6514596583106185
reggae,reggae,35,0.7977325008386927,0.6065436789947369
bob marley,bob marley,35,0.8383955315287964,0.5570356656545588
goetheanum,goetheanum,35,0.8454270372975156,0.5482251137272625
watchtower,watchtower,35,0.7776629776143236,0.6300718620036716
awake!,awake!,49,0.7673844540336447,0.645264857939803
plain truth,plain truth,35,0.7398645760697393,0.672756028141351
radio church of god,radio church of god,32,0.6184280491039383,0.7894049755341211
wcg,wcg,35,0.9132852072532943,0.45941564460826934
the world tomorrow,the world tomorrow,35,0.6576608427516184,0.7582459140972553
findhorn community,findhorn community,35,0.8210630531848534,0.5784392153470315
sri aurobindo ashram,sri aurobindo ashram,25,0.8339774552054331,0.5552296828786351
holy order of mans,holy order of mans,28,0.6466714570950826,0.7631017402973609
gaia,gaia,25,0.8364577069082191,0.5518713987655608
religious studies review,religious studies review,39,0.6997255273497588,0.7144136510117045
bibliography,bibliography,21,0.8073963971922533,0.5958483665258594
amnesty international,amnesty international,2,0.7111310138627975,0.7147964307212903
"barker, eileen","barker, eileen",35,0.8849568448416754,0.49732362116143525
gerhard besier,gerhard besier,25,0.91049786104961,0.447029925715397
zurich,zurich,35,0.8508974581440717,0.5413194713088194
stuart a. wright,stuart a. wright,35,0.8976671031653259,0.48046298885198135
abingdon,abingdon,35,0.8744368575438796,0.511096540380134
caesar's things to caesar,caesar's things to caesar,34,0.8311897724100263,0.5682551962806832
reactions to the law by minority religions,reactions to the law by minority religions,39,0.7540116718468108,0.65905077432275
george rapp,george rapp,35,0.8931794632541669,0.4864439400256966
oneida community,oneida community,35,0.8012591963333507,0.6023472070622132
herbert w. armstrong,herbert w. armstrong,35,0.8760785825191234,0.5089584594010916
christ the savior brotherhood,christ the savior brotherhood,32,0.6822136233104126,0.7313472961569139
render unto caesar,render unto caesar,35,0.8109467488748737,0.5907250241611672
the european court of human rights,the european court of human rights,36,0.7195896329093862,0.6945556227213576
erhard seminar training,erhard seminar training,43,0.868408433894254,0.5236391815431558
human potential,human potential,35,0.7736441517900366,0.6347112899746079
mans,mans,35,0.8752014099435591,0.5101013141989871
the christian science monitor,the christian science monitor,14,0.6858615622522248,0.7318383593674248
jesus fellowship church,jesus fellowship church,32,0.7091138603606026,0.7051557447114956
satan's power,satan's power,15,0.6554875145238688,0.7557137802096436
new religious movements: a practical introduction,new religious movements: a practical introduction,39,0.6377486885933036,0.7725653975472918
"cults, religion and violence","cults, religion and violence",39,0.6877120998078119,0.7261064509529174
religion and the social order,religion and the social order,39,0.7127518340877668,0.7015063351870509
douglas e. cowan,douglas e. cowan,35,0.906345020723968,0.4688131377676524
university of waterloo,university of waterloo,36,0.8457908711629978,0.549259990727313
lorne l. dawson,lorne l. dawson,35,0.8817569283914509,0.5015309356070701
why waco? cults and the battle for religious freedom in america,why waco? cults and the battle for religious freedom in america,58,0.7506759140994106,0.6649650046652336
divine disenchantment,divine disenchantment,32,0.7820506061939301,0.6290443126926781
the cult experience,the cult experience,52,0.6927319227472266,0.722732064792736
hare krishna in america,hare krishna in america,5,0.7044141869328138,0.7098672750866302
social science and the cults,social science and the cults,52,0.7223353260566824,0.695524208257822
understanding new religious movements,understanding new religious movements,57,0.5742553025992421,0.8248640492549832
new religions studies (nrs),new religions studies (nrs),13,0.5196464141249896,0.855036558567277
father divine's peace mission,father divine's peace mission,32,0.76792362193285,0.644367602277934
nrs,nrs,9,0.7080266577575177,0.7129024090687212
new religions scavenger hunt,new religions scavenger hunt,39,0.6968539851111227,0.7172272255717209
rochford,rochford,25,0.9188546124685432,0.43463818041303215
amana,amana,25,0.7769492361680744,0.6296940545613592
bruderhof,bruderhof,35,0.8735108109934917,0.512301393039663
oneida,oneida,25,0.8269899818401439,0.5646370593268208
process,process,35,0.7589423651706506,0.6514782427856796
shiloh,shiloh,24,0.8512615707957756,0.5358701088569586
the international society for krishna consciousness,the international society for krishna consciousness,5,0.5176846864064838,0.8682570869133573
the theosophical society,the theosophical society,34,0.5123662077203174,0.8806110027528409
the nation of islam,the nation of islam,24,0.649464773892493,0.7708089613193064
the hare krishna movement,the hare krishna movement,5,0.6361305001762827,0.7734010298512162
the divine light mission,the divine light mission,32,0.7544691824727802,0.658701573596048
international cultic studies association,international cultic studies association,52,0.7533968296984439,0.6657527222557972
cowan,cowan,25,0.9049618881258741,0.45517612465697255
church of england,church of england,32,0.6836854568600327,0.7299404997828498
southern baptist convention,southern baptist convention,32,0.851197140537123,0.5500128073436348
united church of canada,united church of canada,32,0.7275271218853401,0.6866435107657811
christian denominations,christian denominations,42,0.7545696788291723,0.6588080010334701
orthodox,orthodox,24,0.7255687128299304,0.6896269619424801
hasidic,hasidic,24,0.8418541190328762,0.54822646819349
eastern orthodox,eastern orthodox,2,0.70048937182182,0.7236982348824371
wiccan covens,wiccan covens,16,0.6794037123643711,0.7349108496813216
elan vital,elan vital,35,0.8216643155346451,0.5777040517622621
margaret singer,margaret singer,35,0.8926444318854048,0.48715462424277284
rambo,rambo,25,0.8092872704123971,0.5881157189302739
jesus people,jesus people,32,0.7343486001550672,0.6796649105295054
stark and bainbridge,stark and bainbridge,35,0.8405541391348262,0.554338436224804
asian religions,asian religions,39,0.7932686985288246,0.6164386203018373
shamanism,shamanism,31,0.7463555729969233,0.6681143491103113
taoism,taoism,34,0.7282096081469943,0.6853547479335915
orthodox christianity,orthodox christianity,32,0.7317557431230592,0.6823254540797596
second vatican council,second vatican council,32,0.7899910526673953,0.6203089612672607
ontario consultants on religious tolerance,ontario consultants on religious tolerance,32,0.7779023236659061,0.6335728185637407
american family foundation,american family foundation,36,0.6649769011403555,0.7501690091278369
benjamin zablocki,benjamin zablocki,25,0.8644138440832378,0.5133302836754421
james chancellor,james chancellor,35,0.871969640714351,0.5143032315870434
druids,druids,35,0.7987715577324581,0.6053091044213292
free daist communion,free daist communion,32,0.7781273539986374,0.6333276545926008
miguel leatham,miguel leatham,25,0.8754810450817107,0.4977212292146785
nueva jerusale ´n,nueva jerusale ´n,24,0.7476816799769579,0.6643534909226796
burke rochford,burke rochford,25,0.8889153978204557,0.4785079903449803
the road to total freedom,the road to total freedom,35,0.7375313552923057,0.6753214910787744
jesus freaks,jesus freaks,35,0.7386274860396794,0.6741173057456902
divine principle,divine principle,35,0.7873108517938724,0.6188360220784344
nrs scholars,nrs scholars,9,0.7537688862701074,0.6716541037796555
psychology today,psychology today,35,0.7525365659109625,0.6586831804670136
love israel,love israel,24,0.7548269831319491,0.6560250759895725
robert balch,robert balch,35,0.9294337588184086,0.4372718464807381
flirty fishing,flirty fishing,35,0.776282050657414,0.6316686200127409
eugene gallagher,eugene gallagher,35,0.9092232839065253,0.46492375622669974
nichiren shoshu,nichiren shoshu,25,0.7671595348555922,0.6419465091099512
anti-cult movement (acm),anti-cult movement (acm),47,0.5585088888215074,0.832885967004974
hassan,hassan,24,0.8098888747226763,0.5891864990678586
acms,acms,35,0.8348072719399706,0.5615030347806182
unificationist church,unificationist church,27,0.5228799049136583,0.8578277263858027
reverend sun myung moon,reverend sun myung moon,25,0.8304750287140251,0.5599547038463798
van driel,van driel,25,0.862291174197537,0.5163001088772428
satanic cults,satanic cults,15,0.5411776488437628,0.8496604548229271
satanic groups,satanic groups,15,0.5642536336647495,0.8321411937580601
the kingdom of the cults,the kingdom of the cults,4,0.7041613298295073,0.7251006159207141
america's alternative religions,america's alternative religions,39,0.6353978628126936,0.7746647675897318
peter berger,peter berger,35,0.9109182395126048,0.4626289186863418
christopher partridge,christopher partridge,35,0.8697224605250953,0.5172158257079134
the new age movement,the new age movement,19,0.48507683256921696,0.8893440014737561
mircea eliade,mircea eliade,25,0.8348704334311355,0.5540214554297676
victor turner,victor turner,35,0.8580514728838002,0.5322213737053412
emile durkheim,emile durkheim,25,0.8418992448052205,0.5444687249983984
gnostic,gnostic,39,0.7531556070359233,0.6599557580496602
j. z. knight,j. z. knight,35,0.8737406747074052,0.5120022169956522
light,light,35,0.7474309792816645,0.6643823938123173
bhagwan shree rajneesh,bhagwan shree rajneesh,20,0.6499683588047972,0.7636922927392087
lilith,lilith,35,0.8360156426064126,0.5600005104379091
adam,adam,35,0.786689029212988,0.6195642489406138
eve,eve,35,0.7882844344729628,0.6176948471408619
fall,fall,35,0.8093194337293366,0.5926870196630506
cain,cain,35,0.8585737602708209,0.5315543662940363
abel,abel,25,0.868953382343912,0.5069508956757439
berg,berg,25,0.8852837287396816,0.4837313172427935
endtime,endtime,35,0.7848836656340656,0.6216758927495766
rae ¨l,rae ¨l,6,0.6895920727425553,0.7247802595686998
mother ann lee,mother ann lee,35,0.8210066136162173,0.5785081142999875
yahweh,yahweh,24,0.7671023370769642,0.6415317071221316
vichy,vichy,25,0.8542870484034817,0.5274369539331396
golden age,golden age,19,0.7832772238266297,0.6293531777942787
tantra,tantra,17,0.7940287954877946,0.614047298070613
sufi,sufi,25,0.7691896166744033,0.6394187201520587
nostradamus,nostradamus,34,0.7977631956526811,0.6079601688467227
holy wine ceremony,holy wine ceremony,55,0.7436031487593339,0.6688753915392034
christmas,christmas,32,0.776543644387252,0.6350505490628277
van gennep,van gennep,25,0.8692592773875806,0.5065206057843098
weberian,weberian,34,0.8875304676848833,0.4976444593302569
vietnam war,vietnam war,2,0.8886793976446709,0.5464843446312502
charismatic renewal,charismatic renewal,54,0.6842781366594919,0.7292249835004545
churches,churches,32,0.6713541190383,0.7416339210394888
charismatic leadership,charismatic leadership,54,0.5758707155976044,0.8225904401459697
charismatic authority,charismatic authority,54,0.5196608722153414,0.8646771346111908
david berg,david berg,35,0.8821615850704074,0.5009994588886257
children of god/the family,children of god/the family,30,0.47959195040850516,0.8866196139202195
swami prabhupada,swami prabhupada,25,0.8102802595157328,0.5868122937013152
guru maharaj ji,guru maharaj ji,25,0.7977189282437285,0.6031844964549851
new vrindaban,new vrindaban,35,0.8160561381431005,0.5845388908009322
shoko asahara,shoko asahara,25,0.7553402616833231,0.6565326112844474
the process,the process,37,0.5859506160697237,0.811985082059627
perfect master,perfect master,35,0.8390877805207647,0.5561711835954486
siddha yoga dham,siddha yoga dham,17,0.6706529687877205,0.7429656311152486
the social dimensions of sectarianism,the social dimensions of sectarianism,42,0.7132122921375531,0.701131295032952
nrm members,nrm members,9,0.5860944589822984,0.810242879351493
reimer,reimer,25,0.916753779028851,0.43776416057981754
goldman,goldman,35,0.8597233666359244,0.5300841403009673
solomon,solomon,25,0.8668513907424878,0.5099088748742917
ebaugh,ebaugh,25,0.8880488919530611,0.4797564647142369
african americans,african americans,2,0.7552608082054015,0.6764512281568349
asian,asian,25,0.7615730613593259,0.6488690497111786
eastern-based nrms,eastern-based nrms,9,0.5902179261006806,0.8072509152880156
lofland and stark,lofland and stark,35,0.8637948548267484,0.5248622824256494
langone,langone,25,0.7877295672467162,0.6160215203126698
ryan,ryan,25,0.8243193809373629,0.5682115865755837
boston church of christ,boston church of christ,32,0.6836140519627955,0.7300087951741178
janet jacobs,janet jacobs,35,0.8588265298602027,0.5312309985625361
united society of believers,united society of believers,32,0.6760989664406633,0.7371598084527978
joseph smith,joseph smith,24,0.8621437165558049,0.5214050865687531
mary baker eddy,mary baker eddy,25,0.9129780493269567,0.4433641873632789
fox sisters,fox sisters,36,0.8696499578282476,0.5191578937875183
siddha yoga,siddha yoga,17,0.6612587392939928,0.7518918347725501
course in miracles,course in miracles,35,0.8039151722372326,0.5991745161804911
jane roberts,jane roberts,35,0.8684036625984075,0.518920831041049
helen schucman,helen schucman,35,0.8821812683723873,0.5009737875213196
maria,maria,25,0.8556772317932062,0.5255102257315267
elizabeth puttick,elizabeth puttick,35,0.8773267777768935,0.5073298609757932
ma anand sheela,ma anand sheela,25,0.7918001109410834,0.6108106246752304
john humphrey noyes,john humphrey noyes,25,0.9255873498420571,0.42457263248012556
ann lee,ann lee,35,0.822577132958012,0.5765874937917697
medina,medina,25,0.8476227147058062,0.5366305369272435
women in new religions,women in new religions,39,0.6293949638952647,0.7799909761449371
engels,engels,35,0.8454787546855946,0.5481596081235606
mackinnon,mackinnon,25,0.8763259880441353,0.49652164013451167
texas,texas,24,0.8803471316055568,0.4967986261915428
guyana,guyana,24,0.9058831477998448,0.4614127325417331
illinois,illinois,35,0.8925746937794785,0.48724740794267846
utah,utah,24,0.8846305356387593,0.490933220864718
gordon melton,gordon melton,35,0.8792383670506432,0.5048309376274649
gallagher,gallagher,25,0.8850186755408299,0.4841115670040381
steven hassan,steven hassan,25,0.8827544781404445,0.48735561304156005
web site,web site,35,0.7339365709438032,0.6792578349559963
religious movements homepage project,religious movements homepage project,39,0.6444680371948857,0.7665211279337907
the internet,the internet,37,0.6548256942599847,0.7557940669949124
christian right,christian right,14,0.7365716659825317,0.6872713459208241
community of christ,community of christ,32,0.5858335809047127,0.8168737006323439
back to godhead,back to godhead,35,0.8070627361391624,0.5954014688175437
jeffrey k. hadden,jeffrey k. hadden,35,0.8837825492845188,0.498869150547416
apologetics index,apologetics index,34,0.7982624234606827,0.6073789001018038
cyberhenge,cyberhenge,35,0.8165616108781654,0.5839245101482193
watchman fellowship,watchman fellowship,34,0.784400401884507,0.6233770328100776
universal declaration of human rights,universal declaration of human rights,36,0.7319635977693638,0.6813454700861289
scripture,scripture,14,0.7377855229997508,0.686165806287353
douglas cowan,douglas cowan,35,0.8914425845954365,0.48875007187072184
british government,british government,36,0.7736690360957316,0.6351629190343568
satanic rituals,satanic rituals,15,0.5653295650672975,0.831306519789333
review of religious research,review of religious research,39,0.7054881967748063,0.7087331324379691
sociology of religion,sociology of religion,39,0.7694664884223849,0.642533448780934
cultic studies review,cultic studies review,52,0.7562879471591702,0.6629179629502817
holiness movement,holiness movement,39,0.6598235599997074,0.7524706115988824
adventists,adventists,24,0.7246976486305298,0.6906066461418092
new christian,new christian,39,0.7007032359809734,0.7134531389718929
the sociology of religious movements,the sociology of religious movements,39,0.6714871697253544,0.7415773501809486
exploring new religions,exploring new religions,39,0.6239015970570359,0.7848208690593964
pentecostals,pentecostals,35,0.7769742448923916,0.6308685997778176
media,media,35,0.7553883273547114,0.6554833024249225
misunderstanding cults: searching for objectivity in a controversial field,misunderstanding cults: searching for objectivity in a controversial field,58,0.6693211998606183,0.7429776351600073
getting saved from the sixties,getting saved from the sixties,21,0.7442398077057412,0.6680039670307402
democratic workers party,democratic workers party,36,0.7100146437310485,0.7046232422694259
african-american,african-american,2,0.7549923615155468,0.6766915590309761
peace mission,peace mission,39,0.7777330257913863,0.6335607920774099
bounded choice,bounded choice,35,0.7293487669171655,0.684253386733862
true believers,true believers,35,0.7488069012470709,0.6628500301894378
zar,zar,25,0.8051895230708513,0.5934782232574116
mankind united,mankind united,35,0.7366470059307404,0.6762919203621274
persecution,persecution,35,0.7379199549106558,0.674894980765008
zarathustra,zarathustra,34,0.8302305905616811,0.5694175982328887
bethel,bethel,24,0.826701475477875,0.5678408359106558
"bainbridge, william sims","bainbridge, william sims",35,0.8674290493367168,0.520180369156173
encyclopedic handbook of cults in america,encyclopedic handbook of cults in america,52,0.7622645157619219,0.6570233305604726
new age movements,new age movements,19,0.5350042220973504,0.8543351169973513
"wallis, roy","wallis, roy",35,0.8689084211801105,0.5182694352604371
"weber, max","weber, max",35,0.8652668966050555,0.5229681830993711
"wilson, bryan","wilson, bryan",35,0.8633315228609245,0.5254573023876699
submissiveness,submissiveness,43,0.7097647627014961,0.7045513061481244
hedonism,hedonism,35,0.7855274124000309,0.6209234780106868
tradition,tradition,35,0.7879407826954506,0.6180976973453787
conformity,conformity,35,0.7542628389630366,0.6567475049550322
security,security,35,0.777449676309658,0.6303186623793716
self-direction,self-direction,43,0.7266183484561264,0.6870590462431938
stimulation,stimulation,43,0.73839337464581,0.6745939585264916
benevolence,benevolence,34,0.7229036301253768,0.6909688946369794
universalism,universalism,35,0.7918265962706791,0.613529355598198
marty,marty,25,0.8486391550962431,0.5352330088628554
saroglou (2003),saroglou (2003),21,0.8297968635954601,0.5688443258949896
saroglou (2002),saroglou (2002),21,0.8311927931796304,0.5671375905757922
batson,batson,25,0.8739947480174544,0.4998289348838944
schwartz,schwartz,35,0.9146862166939909,0.45750980954577897
evangelical protestants,evangelical protestants,32,0.7519806511620478,0.6613253528365799
emin,emin,25,0.8205827217767524,0.5731934824031083
jesus people movement,jesus people movement,39,0.7130852859473312,0.7011724834340836
ufo-religion,ufo-religion,39,0.7207638243636297,0.6934488019905056
sikhism,sikhism,24,0.7697784277881913,0.6383411702400263
healthy happy holy,healthy happy holy,55,0.782427014805152,0.6257757162244288
african initiated churches,african initiated churches,33,0.5629159251355117,0.8348243335897585
ancient mystical order of the rosy cross,ancient mystical order of the rosy cross,29,0.6395158980396595,0.769613427479838
ancient teachings of the masters,ancient teachings of the masters,34,0.7593932329094949,0.6515279886675053
builders of the adytum,builders of the adytum,24,0.8341409697883269,0.5582557746850482
citizens' freedom foundation,citizens' freedom foundation,36,0.6813580741672153,0.7339478458859976
church of bible understanding,church of bible understanding,32,0.6307097787910575,0.7786684710385618
christian world liberation front,christian world liberation front,32,0.7100608490170555,0.704215350702188
free the children of god,free the children of god,30,0.6562437594485718,0.7545666596160047
friends of the western buddhist order,friends of the western buddhist order,28,0.7631752511984295,0.6522052484494543
gospel outreach,gospel outreach,32,0.753562886686821,0.6596581159412714
helena petrovna blavatsky,helena petrovna blavatsky,36,0.9107917916474443,0.4652842532411192
inner peace movement,inner peace movement,39,0.6877907365268657,0.726030861490663
ku klux klan,ku klux klan,2,0.7249711634461714,0.7030192527038084
league for spiritual discovery,league for spiritual discovery,34,0.7000116330508264,0.7147212394508174
moral re-armament,moral re-armament,35,0.7125299513635035,0.7022995985238837
new kadampa tradition,new kadampa tradition,25,0.8655051906313039,0.5117990063345037
new religious movement,new religious movement,39,0.48969087197281397,0.8896686867166416
national spiritualist association of churches,national spiritualist association of churches,32,0.7241759771840748,0.6900478049004627
promise keepers,promise keepers,35,0.7608461090966944,0.6493252200049976
progressive utilization theory,progressive utilization theory,35,0.7594932652494019,0.650855988608823
soka gakkai international,soka gakkai international,25,0.7543185553631497,0.6577830406965706
order of the star of the east,order of the star of the east,28,0.6314806577342584,0.776209860209016
aleister crowley,aleister crowley,35,0.8015777926832482,0.6019672085976854
international new thought alliance,international new thought alliance,35,0.7340494607066992,0.6791343479750649
aurobindo,aurobindo,25,0.8455823934374184,0.5394301995859855
vipassana,vipassana,25,0.8206404686539454,0.5731166632085684
charles taze russell,charles taze russell,35,0.9156421349348335,0.4562082012919666
george ivanovitch gurdjieff,george ivanovitch gurdjieff,25,0.8715469804310593,0.5032925556338244
yogananda,yogananda,17,0.8018972222807246,0.6050887219858905
ernest holmes,ernest holmes,35,0.8607966614957699,0.5287097553721669
edgar cayce,edgar cayce,34,0.8247597836598278,0.5760196450019608
emissaries of divine light,emissaries of divine light,32,0.7483395398365438,0.665148214011962
rissho kosei kai,rissho kosei kai,25,0.7503573375960737,0.6626142584587126
satya sai baba,satya sai baba,23,0.5853489053617448,0.8218648279508622
vesper chimes,vesper chimes,25,0.8516543372940822,0.5310777302086874
latter-rain movement,latter-rain movement,39,0.7258458557923742,0.688291510824846
witchcraft today,witchcraft today,35,0.7897676170504901,0.6159527612068658
the mother,the mother,37,0.5796557025264292,0.8168092393454549
mark l. prophet,mark l. prophet,24,0.8750004601717377,0.5040791860066338
summit lighthouse,summit lighthouse,7,0.825920176272745,0.593037220859605
neo-catechumenate,neo-catechumenate,39,0.7483705140068949,0.6649964661466774
focolare,focolare,25,0.7969475101289002,0.6041814170430194
seth,seth,25,0.8273183135017799,0.5641969192327143
universal house of justice,universal house of justice,35,0.7992883200735057,0.6046944462352875
sri chinmoy,sri chinmoy,25,0.8285826110129514,0.5624995281071627
alexander sanders,alexander sanders,35,0.8619693700506367,0.5272068689647806
malcolm x,malcolm x,35,0.8208030121693644,0.5787571542003811
lavey,lavey,25,0.8776897277282807,0.4945834879862874
swami satchidananda,swami satchidananda,23,0.8061070640914924,0.5984148965943439
association of unity churches,association of unity churches,27,0.658782853826724,0.7523888586820721
indra devi,indra devi,17,0.818481960286362,0.5859167239763212
beatles,beatles,37,0.8035624084119597,0.6131675620069716
moses david,moses david,24,0.8406595338640066,0.549785945454579
yogi bhajan,yogi bhajan,17,0.7541357105327321,0.6581087064256372
3ho,3ho,25,0.8457211900989082,0.5392409302704027
church of armageddon,church of armageddon,32,0.6815905073058468,0.7319421097085436
franklin jones,franklin jones,35,0.8692458627380268,0.5178324824012539
muktananda,muktananda,25,0.8108328063332508,0.5860861872653438
sun bear,sun bear,25,0.834578600873337,0.5544161329075437
swami rama,swami rama,23,0.7991779211774226,0.6065062554398399
the farm,the farm,37,0.5886896819942998,0.8098695047310961
zsuzsanna budapest,zsuzsanna budapest,25,0.8970539433426095,0.4667273325855783
dialog center,dialog center,35,0.7461463961019167,0.6658094484656315
denmark,denmark,36,0.8676108019141323,0.5217632891834466
poona,poona,25,0.8535599509432482,0.5284438567634118
chogyam trungpa,chogyam trungpa,25,0.8362426399902575,0.5521632324025084
naropa institute,naropa institute,34,0.8293470696065195,0.5704863045833415
boulder,boulder,35,0.8699778372376192,0.5168849132144422
colorado,colorado,35,0.87345086542305,0.5123793294915935
michael aquino,michael aquino,25,0.8689822286874817,0.5069110336614407
covenant of the goddess,covenant of the goddess,32,0.7975885091539574,0.6118680934343591
paul rose,paul rose,35,0.8810569261590812,0.5024488003054954
britain,britain,36,0.8064416139700293,0.5970762413232924
arkansas,arkansas,36,0.8768825720802461,0.5098673429827457
kundalini research institute,kundalini research institute,35,0.8561395520237998,0.5346601229148364
geshe kelsang gyatso,geshe kelsang gyatso,25,0.7549740428415166,0.6569810564545389
yahweh ben yahweh,yahweh ben yahweh,24,0.7732758192809958,0.634154224066667
temple of love,temple of love,7,0.7571490957006395,0.6630958208119149
nityananda,nityananda,25,0.8383740628435449,0.5492695633391296
shanti mandir,shanti mandir,25,0.8382845490502229,0.5493912643634633
word of life church,word of life church,32,0.6277025346080696,0.7813169252468144
toronto blessing,toronto blessing,32,0.7276208393971096,0.6865484184285118
unitarians,unitarians,27,0.7309317940245852,0.6865574575362983
john wesley,john wesley,25,0.8956025864277642,0.46883581471193136
swedenborg,swedenborg,34,0.85733135105103,0.5360683127878816
ralph waldo emerson,ralph waldo emerson,35,0.8051985042124439,0.5976380825021899
unitarian,unitarian,27,0.720259731357839,0.6967258398241267
revelation,revelation,35,0.7548307081488703,0.6561101209544709
new jerusalem,new jerusalem,24,0.7744279946110427,0.6327706210333097
new thought,new thought,35,0.6142322941062189,0.799350160718353
quimby,quimby,25,0.8853368327665766,0.48365467515044686
emma curtis hopkins,emma curtis hopkins,35,0.9069467811134759,0.46800109112763627
christian science journal,christian science journal,14,0.4783725545080442,0.8810902929041265
divine science,divine science,14,0.6696642801991914,0.745403612287616
unity school of christianity,unity school of christianity,27,0.6647459939795787,0.7472069314638551
religious science,religious science,14,0.5931305200889435,0.8051169447277007
"church of christ, scientist","church of christ, scientist",14,0.5000627834594573,0.8679779826089551
madame blavatsky,madame blavatsky,35,0.7874530034630032,0.6186701857956787
hpb,hpb,24,0.9141658709421522,0.4497175077235416
charles w. leadbeater,charles w. leadbeater,35,0.8946150995511913,0.4845334067507385
edna ballard,edna ballard,25,0.8852496149763692,0.48378045044836315
universal sufism,universal sufism,34,0.801836971839571,0.6032085036228971
hazrat inayat khan,hazrat inayat khan,24,0.8237711793468698,0.5715924136343375
swami vivekananda,swami vivekananda,25,0.7908270683071656,0.6120583673989721
brahmo samaj,brahmo samaj,25,0.8191667214762829,0.5750749247656379
kirpal singh,kirpal singh,25,0.91636439076193,0.4383430563871175
ruhani satsang,ruhani satsang,25,0.7545549863112082,0.6574934627144635
maharaji,maharaji,25,0.8126195250365685,0.5837351282879923
hydesville,hydesville,35,0.8837282138681526,0.4989406261899588
the urantia book,the urantia book,34,0.7835305309049966,0.6243711184868488
magick,magick,25,0.7938831584656569,0.6081327011475223
margaret murray,margaret murray,35,0.8978322382173939,0.48024201317182014
norse,norse,34,0.8153491889586871,0.5872739420442865
egyptian,egyptian,24,0.7357473344735582,0.6780881640160314
nam,nam,25,0.8659558791038923,0.5111669216271935
crowley,crowley,35,0.8530867690060068,0.5385433613815145
age of aquarius,age of aquarius,19,0.8046880545183849,0.6059816818413759
age of pisces,age of pisces,19,0.8601554092843268,0.5425044653105171
anton szandor lavey,anton szandor lavey,25,0.9059780083189326,0.4536844918196601
william miller,william miller,35,0.876363307040026,0.5085866811147943
assemblies of god,assemblies of god,32,0.7020228847331745,0.7121582441611948
don juan,don juan,25,0.8732118723865829,0.5009375695509988
castaneda,castaneda,25,0.8771826309683346,0.4953040970359031
michael harner,michael harner,35,0.8843856424536161,0.4980757933512572
black elk,black elk,35,0.8268088908082516,0.5713931439755846
cosmic masters,cosmic masters,35,0.7860209822930425,0.6203463513534766
confucius,confucius,34,0.7996007522490721,0.6058194497460769
african independent churches,african independent churches,33,0.5275120093420009,0.8617333837258496
aladura,aladura,25,0.8653046254406227,0.5120807187918912
zionist,zionist,24,0.6887718702524281,0.7300011016887582
ahmadiyya,ahmadiyya,25,0.8468722732752322,0.537660851473563
akashic records,akashic records,25,0.815591727922571,0.5798124592235083
christ apostolic church,christ apostolic church,32,0.6522306140504107,0.759347335889446
faith tabernacle,faith tabernacle,32,0.7283936717481109,0.6857609236868489
church of the lord (aladura),church of the lord (aladura),32,0.7940425778951488,0.615817521617616
cherubim and seraphim,cherubim and seraphim,34,0.834947150530506,0.5636901890480462
angels,angels,35,0.8310719128319087,0.566133937448819
raja yoga,raja yoga,17,0.663794426302437,0.7494949396110224
harvey spencer lewis,harvey spencer lewis,35,0.9126284798845027,0.460308033975559
theosophist,theosophist,34,0.6998141367933359,0.7149232206325289
solara,solara,7,0.8201437874772363,0.5991555994657503
kabbalism,kabbalism,24,0.7641203054913555,0.645074085444713
native american religion,native american religion,16,0.8003276494232722,0.6059734169688261
ufo-religions,ufo-religions,39,0.721227977148719,0.6929792211278075
tree of life,tree of life,37,0.7243218067136499,0.6927737497734332
muhammad,muhammad,24,0.7501965748645112,0.6614314415964433
qur'an,qur'an,24,0.6907888411018164,0.7278424295148799
jewish,jewish,24,0.6745872801018538,0.7450033014252234
reachout trust,reachout trust,35,0.7997664053660853,0.6041255274943367
johannes aagaard,johannes aagaard,25,0.8993284426787462,0.46341489953759807
levi,levi,25,0.8588510317183135,0.5210995666460785
djwahl khul,djwahl khul,25,0.8570387825221137,0.5236206319430392
arica,arica,25,0.8708943733955135,0.5042136000583449
oscar ichazo,oscar ichazo,25,0.8412533418174776,0.5453496690115394
garner ted armstrong,garner ted armstrong,35,0.8774998992664275,0.507103695000636
arya samaj,arya samaj,17,0.8006505542975318,0.6065139590507366
saivite,saivite,25,0.8599316639949907,0.5195940504209206
vedas,vedas,25,0.8666109139049025,0.5102470002662439
assemblies of yahweh,assemblies of yahweh,24,0.766506296201665,0.6422412110620955
sacred name movement,sacred name movement,39,0.6827581262956957,0.7308694190379781
bible,bible,14,0.7389007123490045,0.6851483470450471
oneness pentecostalism,oneness pentecostalism,39,0.7884058274332605,0.6218343479959947
yahshua,yahshua,25,0.8107656062901394,0.5861743844441376
aleph,aleph,24,0.8666493828655926,0.5153624061038077
tibetan,tibetan,34,0.7761775659773353,0.6327338733005068
mother meera,mother meera,18,0.8095328559226039,0.5942756068274601
avatara adi da,avatara adi da,25,0.8243938266198756,0.5681120985760582
adi da,adi da,25,0.7192511091063634,0.6996680731395114
bubba free john,bubba free john,25,0.8808316332356658,0.49010435023473753
da free john,da free john,35,0.7852546114823216,0.6212426029369595
da avabhasa,da avabhasa,25,0.7332929515291905,0.6831355032830518
bab,bab,25,0.7818861434841177,0.623456108555974
cog,cog,25,0.8924901216637943,0.4733462589619568
family of love,family of love,37,0.7277847381936363,0.6894673858132233
father david,father david,32,0.7485935557410507,0.6648819029584891
beshara,beshara,25,0.8270882597170098,0.5645057510906474
crazy horse,crazy horse,35,0.7779722020175464,0.6297136053138428
dada lekhraj,dada lekhraj,25,0.8359946447944127,0.5524990910900585
om mandali,om mandali,25,0.775196255478236,0.6318994385256771
robert jay lifton,robert jay lifton,35,0.9036523124259864,0.47243974169009056
margaret thaler singer,margaret thaler singer,34,0.9009801386037841,0.48010383342822627
uc,uc,35,0.8779830402825293,0.5064723586837026
breatharians,breatharians,24,0.7777941137380611,0.6287175331101185
jasmuheen,jasmuheen,25,0.8364287951450241,0.5519104495220438
british israel,british israel,24,0.7563016919360611,0.6542960539428158
brethren,brethren,35,0.8325627144028072,0.5642881734487479
plymouth brethren,plymouth brethren,32,0.8357795074352183,0.5682144495313983
anglo-israelism,anglo-israelism,24,0.7810988316445658,0.6247209207790729
identity movement,identity movement,39,0.6988299042101731,0.7152922797941841
brotherhood of the cross and star,brotherhood of the cross and star,32,0.7425004990434466,0.6712399014043178
olumba olumba obu,olumba olumba obu,25,0.7756209327511544,0.6313657331294057
anabaptist,anabaptist,32,0.7547449217164528,0.6584103157672379
paraguay,paraguay,24,0.9075816282095981,0.4590229548251441
ramana,ramana,20,0.8284038195639835,0.5720630467174133
mra,mra,9,0.7743190441848361,0.6522823708745625
budapest,budapest,36,0.8452691624661985,0.5499087769159409
dianic wicca,dianic wicca,16,0.7322758593672477,0.6811278733105746
theravada,theravada,34,0.7678570959627978,0.6421016921391505
reiyukai,reiyukai,25,0.7880185030372595,0.6156529635501942
beat zen,beat zen,35,0.750256922394287,0.6612326556945192
western buddhist order,western buddhist order,28,0.7167852988826924,0.6985582867409644
jesus army,jesus army,32,0.7463906434492013,0.6671865481344595
bugbrooke,bugbrooke,25,0.8667967673022137,0.5099855579385222
noel stanton,noel stanton,35,0.8949793538066999,0.484048635318996
tarot,tarot,34,0.7695055952790913,0.640253837342347
kabbalah,kabbalah,24,0.7758290607045225,0.6310862137827928
calvary chapel,calvary chapel,32,0.7674572938628016,0.6448686031023088
candomblé,candomblé,35,0.8093042354199246,0.5927052373850532
shango,shango,25,0.8355194150162869,0.5531429235351906
paliau,paliau,25,0.8059783759991903,0.5924484558267054
celestial church of christ,celestial church of christ,32,0.6084698997568609,0.797954619722381
werner erhard,werner erhard,35,0.9117498734195166,0.4615006864053789
chaitanya,chaitanya,25,0.8167084529889913,0.5783352042979107
gaudiya math,gaudiya math,25,0.8380119100842711,0.5497617041625316
charismatic movement,charismatic movement,39,0.6765035885425337,0.7368339731202811
ch'ondogyo,ch'ondogyo,25,0.7706596744540023,0.6375841290596523
ch'oe che-u,ch'oe che-u,25,0.7644716556682887,0.6452837216538982
christian identity church,christian identity church,32,0.6991475475664605,0.7149778760344593
transcendentalism,transcendentalism,34,0.7369167326609013,0.6760518561142115
wesley swift,wesley swift,25,0.8523240851545806,0.5301531341921575
adventist,adventist,32,0.7112866297014813,0.7029957277948924
ellen g. white,ellen g. white,35,0.8415549614957125,0.5530857347298515
sedevacantists,sedevacantists,42,0.8078046120176976,0.600818903802759
essenes,essenes,25,0.8236123371725814,0.5691559931112355
house of elijah,house of elijah,24,0.7932486070770804,0.6098818945401357
tim zell,tim zell,35,0.8412547178587654,0.5534613610783368
atl,atl,35,0.8318923818070284,0.5651187866543724
the green egg,the green egg,37,0.6858709188737183,0.7284265064783472
forever family,forever family,37,0.7975188227199059,0.6195299914925769
pentecostalist,pentecostalist,34,0.7894232395010955,0.6176125024391967
church of god international,church of god international,32,0.6652442094347503,0.7473487257759313
church of world messianity,church of world messianity,32,0.675632128221263,0.7376014877051291
cut,cut,35,0.798294434310981,0.6058765231405798
confraternity of deists,confraternity of deists,32,0.7683472834657117,0.6439123753010678
crossroads movement,crossroads movement,39,0.7081732957938734,0.7060702440007436
the book of the law,the book of the law,37,0.6936794258958205,0.7213435937542082
aiwass,aiwass,25,0.8283690501951307,0.5627864489242107
horus,horus,35,0.8563357730195493,0.5344104550192577
oberto airaudi,oberto airaudi,25,0.8628089945308425,0.5155763014602386
let our children go!,let our children go!,35,0.7874901781721053,0.6186256688096133
mest,mest,25,0.8524483044742993,0.5299812647525938
maranatha christian churches,maranatha christian churches,32,0.7643541394327131,0.6481952055493452
diana,diana,35,0.8606397335166942,0.5289110019512111
dorje shugden,dorje shugden,25,0.8557571973606741,0.5253986421436903
eck,eck,25,0.8901478517718018,0.47673106812350025
sugmad,sugmad,25,0.8592151926616252,0.5205925174375258
"eddy, mary baker","eddy, mary baker",35,0.8791512346491933,0.5049446565560971
dlm,dlm,35,0.8534541074749005,0.5380767883041249
emerson,emerson,35,0.8889260806489373,0.49208405994607274
upanishads,upanishads,34,0.8247440855912024,0.5760386455662232
harvard university,harvard university,24,0.8369647978693514,0.5545945428884584
nature,nature,35,0.7649480020952415,0.644667687034387
plato,plato,34,0.8433407679150959,0.55341772416725
leo,leo,35,0.771124476381057,0.6376073811837804
engaged buddhism,engaged buddhism,39,0.7713895643215575,0.6404543195560691
thich nhat hanh,thich nhat hanh,25,0.8063111748242576,0.5920133452234135
esalen institute,esalen institute,34,0.8312159756185103,0.5682236944268355
healing,healing,35,0.7280238059347965,0.6856903445415761
jesus of nazareth,jesus of nazareth,24,0.8111959205891814,0.5875431807592123
vegetarianism,vegetarianism,39,0.7609529696945292,0.6516736241286802
exegesis,exegesis,34,0.7747514961002879,0.6343468809714194
cultists anonymous,cultists anonymous,35,0.7008682743887601,0.714565277470157
catalyst,catalyst,35,0.8052742066706333,0.5975476474143162
falun dafa,falun dafa,8,0.6979023957022061,0.7205368982488267
mo letters,mo letters,35,0.8093990829699852,0.59259024437653
blessing,blessing,32,0.7738269294542878,0.6379983151200592
true parents,true parents,35,0.7441404098556779,0.668034437159042
father divine,father divine,32,0.767872464637251,0.6444226902907854
maryland,maryland,24,0.8935969804725623,0.4785641772143566
unity,unity,27,0.7773994067456944,0.6405395366703834
"fortune, dion","fortune, dion",35,0.8501882222968715,0.5422171266986107
fraternity of the inner light,fraternity of the inner light,34,0.7270759833161291,0.6865575530025307
society of the inner light,society of the inner light,34,0.7013051893346232,0.7133996321116807
volunteer parents of america,volunteer parents of america,35,0.7650880304397571,0.6445082457573723
anticult movement,anticult movement,47,0.6593084955457773,0.7518959807999722
pentecostalists,pentecostalists,34,0.7661584261603125,0.6440023697806473
new world order,new world order,35,0.7200452230486948,0.6942881087743928
vishnu,vishnu,25,0.8025209610801743,0.596955749490324
joseph of arimathea,joseph of arimathea,24,0.9265012742451487,0.43210338399489645
chalice well,chalice well,35,0.8606636162438546,0.5288806540207732
solar light retreat,solar light retreat,7,0.7471909016298763,0.6727359198800096
paul twitchell,paul twitchell,35,0.8622154473780564,0.526890958525401
harold klemp,harold klemp,35,0.8973362068316976,0.4809051818429161
george ivanovitch,george ivanovitch,35,0.8872395333152023,0.49431281822486883
sounds of soul,sounds of soul,35,0.7435025036199744,0.66874070901299
guru,guru,25,0.7721709812113109,0.6356937284423836
sufis,sufis,25,0.8137505293253786,0.582244322306722
fourth way,fourth way,37,0.7623220879977648,0.6556283300767562
guru granth sahib,guru granth sahib,25,0.8436052706164044,0.5421377171108636
sami,sami,25,0.7673862983540225,0.6416647343911179
nanak,nanak,25,0.8144561757266273,0.5813127788590609
applewhite,applewhite,35,0.8505343894815871,0.5417793404424882
mahabharata,mahabharata,24,0.8570628770554478,0.5281819943504972
shankara,shankara,25,0.7775478267911279,0.6289399786849706
ramanuja,ramanuja,25,0.848024224215747,0.5360791604129189
yoga sutras,yoga sutras,17,0.7486348673340727,0.66400577870662
vedanta society,vedanta society,34,0.7788497046361778,0.6297041644853392
shirdi sai baba,shirdi sai baba,23,0.6661692968216919,0.748285989393769
shri mataji,shri mataji,25,0.8270797882035974,0.5645162482697657
thomas troward,thomas troward,35,0.882944339602228,0.4999712106747752
the science of mind,the science of mind,35,0.7246784774523629,0.6893065808848667
honmichi,honmichi,25,0.8313061527840896,0.5588356970378163
house church movement,house church movement,39,0.7151301169250944,0.6991235703785244
covenant,covenant,35,0.8075176777556302,0.5948545323682638
pioneer,pioneer,35,0.8028094578751299,0.6004964237806613
network,network,35,0.7512590310670546,0.6601129397424759
neuro-linguistic programming,neuro-linguistic programming,35,0.7718137477666662,0.6368162563220092
i am movement,i am movement,35,0.717634954725775,0.6968664812312457
saint germain press,saint germain press,35,0.7967736421076251,0.607681588765751
children of israel,children of israel,30,0.708604159265363,0.7075338832619337
garden of eden,garden of eden,4,0.7486331693929174,0.6880594763879222
church of jesus christ christian,church of jesus christ christian,32,0.6131005498435891,0.7939964511027757
ministry of christ church,ministry of christ church,32,0.6602656240909257,0.7519669355862013
christian defense league,christian defense league,32,0.7539862063247409,0.6592116823669252
american nazi party,american nazi party,36,0.7453722438615215,0.6667763594367153
insight,insight,35,0.656651847149538,0.7592324766309894
insight meditation society,insight meditation society,34,0.6829729588726351,0.7319043481073597
sunni,sunni,24,0.7295339189243945,0.6851512257461626
ali,ali,25,0.7768061742396648,0.6298738210356054
kalki,kalki,25,0.8179233518995959,0.5767260628554751
bible students,bible students,32,0.7736004285567059,0.6382438880213793
watchtower bible and tract society,watchtower bible and tract society,34,0.6737482999923707,0.7410302211493252
baptist church,baptist church,32,0.6886653853193944,0.7251577543821794
last supper,last supper,37,0.7261391825424871,0.6910404702932518
jews for jesus,jews for jesus,24,0.7448719011719155,0.6676069810523166
"jones, james warren","jones, james warren",35,0.8761765709157863,0.5088308169428131
wings of deliverance,wings of deliverance,32,0.7407398289245369,0.6730676030408387
jon frum movement,jon frum movement,39,0.8137533273187615,0.5933447599636286
eliphas levi,eliphas levi,24,0.8406452457445224,0.5498043862107351
dion fortune,dion fortune,25,0.8696832600255519,0.5059225229384471
reincarnation,reincarnation,35,0.7371294094910564,0.6757619371924511
society,society,35,0.690540272356799,0.7252594570391158
the,the,37,0.6211114275294662,0.7840790111315656
inner,inner,35,0.7072973834742637,0.7078281898762179
kardec,kardec,25,0.9034122464216329,0.45744767563290367
allan,allan,35,0.8509393491932589,0.5412660757223593
kardecism,kardecism,39,0.8178983219822814,0.5886003690109933
umbanda,umbanda,25,0.776566408326301,0.6301759693542287
nkt,nkt,9,0.847744440262175,0.5788118106606972
gelugpa,gelugpa,25,0.8355619790925278,0.5530852108891398
western,western,35,0.7903187184049725,0.6153051116901898
khan,khan,24,0.8091669438381293,0.5900933978633479
war,war,25,0.8162783613636425,0.57890427117835
samuel,samuel,25,0.8703137284591026,0.5050333889944791
l,l,25,0.7823159550539741,0.6229111668018867
liberal catholic church,liberal catholic church,32,0.731207499012322,0.6828868705562545
sufism reoriented,sufism reoriented,34,0.7299155460249549,0.6835408516170065
kirpal ruhani satsang,kirpal ruhani satsang,25,0.8916791822827174,0.4745198304758547
surat shabd yoga,surat shabd yoga,17,0.6759349944229405,0.73789161127637
satsang,satsang,25,0.7753682040905971,0.6316833892275902
konkokyo,konkokyo,25,0.751065172994811,0.6617525241176311
maitreya,maitreya,34,0.8123409887597222,0.5908447488381892
kundalini yoga,kundalini yoga,17,0.6725534114856936,0.741144308068428
kundalini,kundalini,25,0.8190477665297632,0.5752337401912072
heung jin,heung jin,25,0.8720842120477412,0.5025334650674682
latihan,latihan,49,0.7267549525742429,0.6875574054511748
pak subuh,pak subuh,25,0.7776216721377626,0.6288466790086404
latter-rain,latter-rain,35,0.7560633112885216,0.6547240656956701
joel,joel,25,0.8853945237397362,0.48357204932335046
acts,acts,35,0.7621890821512295,0.6478032315786928
pentecost,pentecost,32,0.789478363016242,0.6208752390515493
tabernacles,tabernacles,34,0.780911913831592,0.6273585553826742
the satanic bible,the satanic bible,15,0.6451806752168616,0.7649206970590944
king,king,25,0.7978264833615574,0.6030458952956638
lsd,lsd,35,0.7959188198596717,0.6086944848729818
sufi order,sufi order,28,0.738738980047157,0.6769841756111772
vilayat inayat khan,vilayat inayat khan,24,0.8225794915201231,0.5731146637541567
reform judaism,reform judaism,39,0.757913737945247,0.6549121589322322
talmud,talmud,24,0.7772401877283677,0.6293854705994879
world goodwill,world goodwill,35,0.7716543905262403,0.6369991376469684
triangles,triangles,35,0.7175035808375213,0.6970067798887435
study society,study society,34,0.6797131844420592,0.7351434572911526
shankaracharya,shankaracharya,25,0.8224766874120636,0.5706710074265391
guru dev,guru dev,25,0.8363507285602185,0.5520163710926185
jabalpur,jabalpur,24,0.8903945207008931,0.48299618764057695
spiritual regeneration movement,spiritual regeneration movement,39,0.6083898597522719,0.798230790573863
fard,fard,25,0.8167235787651884,0.578315013410352
manson,manson,25,0.8763313412899669,0.49651461540737973
christian research institute,christian research institute,14,0.6757584063564582,0.7403380162333006
ramakrishna,ramakrishna,5,0.8519965297523223,0.5504386903584308
rama,rama,25,0.8281033932637495,0.56314302650125
radhasoami,radhasoami,20,0.8230644109448995,0.5784686104033641
sawan singh,sawan singh,23,0.8568371659745373,0.5370472487664855
baba ram dass,baba ram dass,23,0.8031247471008807,0.6019060586578358
namdhari,namdhari,25,0.8658184470623509,0.5113593751747006
kuka,kuka,25,0.7592912530055662,0.6516819389336667
sikh,sikh,24,0.7557407414390799,0.6549543478990918
guru gobind singh,guru gobind singh,25,0.8617210574727574,0.5170969756426614
elijah muhammad,elijah muhammad,24,0.814685428537574,0.5831413728599657
native american church,native american church,32,0.6988166127934538,0.7153012327216698
neo-templarism,neo-templarism,31,0.6409238768271485,0.7687600673351442
templars,templars,35,0.7757344249368875,0.6323013962800347
william blake,william blake,35,0.8219840496216382,0.5773128000885399
marilyn ferguson,marilyn ferguson,35,0.8564346196909272,0.5342842425617218
new apostolic church,new apostolic church,32,0.6932207067210527,0.7207528686593537
catholic apostolic church,catholic apostolic church,32,0.7516956744050659,0.6616250330587223
"emerson, ralph waldo","emerson, ralph waldo",35,0.8527969020269235,0.5389113682393902
tara,tara,25,0.8124537682580876,0.5839535517721861
julius dresser,julius dresser,25,0.9153841638461612,0.43979868357696045
nipponzan myohoji,nipponzan myohoji,25,0.7980992487706932,0.6026922360261416
namu myoho renge kyo,namu myoho renge kyo,25,0.7711509478385808,0.6369699608057666
nirankari,nirankari,25,0.7998864700282666,0.6003778592151057
guru nanak,guru nanak,25,0.8085052040720192,0.5891414770503877
asatru free assembly,asatru free assembly,36,0.836328159775816,0.5609668950284918
open brethren,open brethren,35,0.7254253196914248,0.6885011138220392
grace,grace,25,0.850197333082041,0.5330872013349539
ouspensky,ouspensky,35,0.8536920707058557,0.5377745499867626
timothy leary,timothy leary,35,0.8393116337118919,0.5558918114460196
william james,william james,35,0.8737207585172374,0.5120287066785298
the work,the work,37,0.6033657066391079,0.7983662835468042
isaac bonewits,isaac bonewits,35,0.8667605100034754,0.5210430715205647
dion,dion,25,0.8400459849560185,0.5469952104351163
charles parham,charles parham,35,0.887287527017692,0.49425009461106945
carlos castaneda,carlos castaneda,25,0.9124975240493097,0.4440753919970206
sannyasin,sannyasin,25,0.819454565208663,0.5746930134929268
prosperity theology,prosperity theology,34,0.7219905898791201,0.6919308288648771
sannyasins,sannyasins,25,0.7923548855033108,0.61009784119422
vivekananda,vivekananda,25,0.801018756294055,0.5989084678191472
ramakrishna mission,ramakrishna mission,5,0.8117654459234944,0.5968964677775521
satchidananda,satchidananda,25,0.8636381872791302,0.5144159719588131
neem karoli baba,neem karoli baba,25,0.7995837875718649,0.6007697552468145
rastafarianism,rastafarianism,24,0.7083020071539702,0.7088342268951119
black power,black power,35,0.8014562399871857,0.6021121442805274
haile selassie,haile selassie,24,0.8277162427355966,0.5665382063052317
ravidasi,ravidasi,25,0.8333124074921421,0.5561279050883872
reconstructionism,reconstructionism,21,0.8269996012645032,0.5722574188834426
rebirthing,rebirthing,35,0.7570352180995864,0.653630051331789
tanakh,tanakh,25,0.8384053537274148,0.5492272624990617
church of religious science,church of religious science,14,0.567228367472105,0.8236870118759263
mount carmel center,mount carmel center,32,0.818925698010395,0.587730555820413
rosicrucian fellowship,rosicrucian fellowship,29,0.5482692317396506,0.8434671280005249
max heindel,max heindel,25,0.8777651777868374,0.4944755564427364
fraternitas rosae crucis,fraternitas rosae crucis,29,0.7811103395522063,0.6325431386333076
sawan kirpal ruhani mission,sawan kirpal ruhani mission,23,0.9173618583239627,0.45893315415008074
assembly of yahvah,assembly of yahvah,24,0.7383608420800956,0.6750993419652522
alexandrian,alexandrian,34,0.8166618026899316,0.585712213649894
sangharakshita,sangharakshita,25,0.8138367276149417,0.5821304757890533
winti,winti,25,0.8419714768050517,0.5443705927629972
church of satanic liberation,church of satanic liberation,15,0.6866059341301282,0.7270306993540762
whitefield,whitefield,35,0.8928647834846436,0.4868614744536218
socrates,socrates,34,0.8278795602405162,0.5722598988128232
twitchell,twitchell,35,0.7885396642417415,0.6173951394206236
seicho-no-ie,seicho-no-ie,25,0.8238570480615156,0.5688292552853027
srf,srf,36,0.8052087121083098,0.5985378893211826
self-transformation,self-transformation,35,0.7418399118007207,0.670578026233662
lifespring,lifespring,35,0.8210043557044537,0.5785106588731461
programmes ltd,programmes ltd,36,0.8108721703220024,0.5918060440589692
aquarian,aquarian,34,0.8303868724761195,0.5692281889141328
shiva,shiva,25,0.7651511205015729,0.6444409945173962
five ks,five ks,25,0.775194201352999,0.6319023558779959
patty hearst,patty hearst,35,0.8496639688062597,0.5428801355608975
divine life society,divine life society,34,0.6976054645641067,0.7171739006626543
"spangler, david","spangler, david",1,0.8862578570656138,0.5084696843067038
lorian association,lorian association,34,0.826098978926559,0.5744075045574232
franz anton mesmer,franz anton mesmer,25,0.9231584024978889,0.42821256371724664
sufi movement,sufi movement,39,0.7162521534792438,0.6979970787249491
sufi order international,sufi order international,28,0.7673683839050942,0.6478723383608915
sufi order of the west,sufi order of the west,28,0.6681415426126752,0.7440425190482962
sufi society,sufi society,34,0.6870535860933862,0.7278279552746634
synanon church,synanon church,32,0.7860436826744965,0.6246625879290476
henry steel olcott,henry steel olcott,25,0.925032207929687,0.4254057249854924
william q. judge,william q. judge,35,0.9035612177250912,0.47256270808440415
united church of god,united church of god,32,0.6083033272914578,0.7980967364396797
john wimber,john wimber,35,0.8995549138111774,0.477938075318464
natural law party,natural law party,36,0.7477921717686642,0.664118940423726
wrekin trust,wrekin trust,35,0.8417138330652735,0.5528865373411359
trungpa,trungpa,25,0.8369418679230017,0.5512145950672187
darwin gross,darwin gross,35,0.8742560425543595,0.5113320378926108
friends,friends,35,0.7050508948902671,0.7101894945263809
new era,new era,19,0.734622681622687,0.6801199633920856
zoroastrianism,zoroastrianism,24,0.7615494006925264,0.6481171056449443
urantia book,urantia book,34,0.798052674942866,0.6076233492133617
the way,the way,37,0.5358521294383726,0.8489380726016132
"west, louis jolyon","west, louis jolyon",35,0.9144590664578134,0.4578189367744618
word-faith movement,word-faith movement,39,0.6759381152574591,0.7373701825637173
celtic,celtic,35,0.8059920020363992,0.5966861452482759
book of shadows,book of shadows,4,0.8005404581093594,0.6419571574363465
fellowship of isis,fellowship of isis,24,0.700273387983582,0.7176070166600117
william branham,william branham,1,0.8818962531307333,0.5138383858382847
wilson bushara,wilson bushara,25,0.8721723462825713,0.5024084405275048
the plain truth,the plain truth,37,0.7113858390839237,0.7049852645685049
patanjali,patanjali,25,0.8357323302565871,0.5528545400817799
sri yukteswar,sri yukteswar,25,0.8567295501832906,0.5240498904333981
yagoda satsanga society,yagoda satsanga society,34,0.7952271816660641,0.6109055578091708
autobiography of a yogi,autobiography of a yogi,17,0.735303994163548,0.6781183347347152
zionist churches,zionist churches,24,0.7336480797073472,0.6804810431943837
zcc,zcc,35,0.8948434218917466,0.4842290469178868
h,h,25,0.7761988917571434,0.6306389330249664
n,n,25,0.7860580020169635,0.6181540712586049
s,s,25,0.774604483060778,0.6326432982201371
center,center,35,0.7752615482786975,0.6328466084626219
self,self,35,0.6785135298820849,0.7375118671359514
philippines,philippines,36,0.859507665761822,0.5320561629218942
a practical introduction,a practical introduction,35,0.7807072011757691,0.6265414664642606
david g.,david g.,1,0.8508981704378802,0.5512317041753692
macmillan,macmillan,25,0.8328987911348927,0.5566869202698276
what is scientology?,what is scientology?,38,0.6385914168161796,0.7718794481331785
eddy,eddy,25,0.8389125381558085,0.5485374486800765
boston,boston,35,0.8201383258914121,0.5795678739866252
joseph,joseph,25,0.879240607833881,0.49237422416559645
graham,graham,35,0.8543792934816634,0.5369005852409289
thorsons,thorsons,25,0.9011243793558005,0.4607940729038979
stanford,stanford,35,0.8179061387053078,0.5822894754671594
center for academic publication,center for academic publication,36,0.8197415003179301,0.5811695412958661
doomsday cult,doomsday cult,2,0.7946667536132961,0.6402599581483861
englewood cliffs,englewood cliffs,35,0.8377780228959265,0.5578057148790628
prentice-hall,prentice-hall,35,0.8218477748674246,0.5774794073953805
soka gakkai buddhists,soka gakkai buddhists,25,0.8061955902962318,0.5921640558447007
gurus,gurus,35,0.7456092571368966,0.6664060313916065
apostolic church,apostolic church,32,0.6701722980084849,0.7427434147196418
azusa street revival,azusa street revival,35,0.8260460927768777,0.5723312590493841
church of the lord,church of the lord,32,0.6332176106148467,0.7764501310080387
christian foundation,christian foundation,14,0.708674511955447,0.71218218563992
christian growth ministries,christian growth ministries,14,0.7657556915452004,0.660182344888973
"chopra, deepak","chopra, deepak",25,0.8385806471346244,0.548989300867397
cult information centre,cult information centre,52,0.7061082251507333,0.7105791342682484
ethiopian churches,ethiopian churches,33,0.7121591460256003,0.7021815991725411
evangelical alliance,evangelical alliance,24,0.7457152950096297,0.6666319383118819
farrakhan,farrakhan,24,0.8315670537627099,0.561581764068249
louis,louis,25,0.8598358655872714,0.5197274779366289
francis,francis,35,0.8479429470618461,0.5450544357443947
marianne,marianne,35,0.8493856132297326,0.543232271444529
garvey,garvey,25,0.9081738697714483,0.45045521653924314
stephen,stephen,25,0.8829791607200831,0.4870337164079259
gestalt therapy,gestalt therapy,43,0.7319427342970944,0.6814472609054161
golden way foundation,golden way foundation,35,0.8287303123336217,0.5690258440228602
hanuman foundation,hanuman foundation,34,0.7920524772658171,0.6145810348875238
india,india,24,0.8582934811183403,0.5265442414793756
"kardec, allan","kardec, allan",35,0.8511831951806111,0.5409576071937476
"leary, timothy","leary, timothy",35,0.8615088798598486,0.5277971353052086
lectorium rosicrucianum,lectorium rosicrucianum,29,0.7363854192987567,0.6787914657972539
"lekhraj, dada","lekhraj, dada",25,0.8378998371472747,0.5499141958715057
"lifton, robert jay","lifton, robert jay",35,0.8913053754508762,0.4889323309234903
living stream ministry,living stream ministry,39,0.7479579351145057,0.6654294611450562
"lubich, chiara","lubich, chiara",35,0.8841047314756421,0.49844516714833514
karen zerby,karen zerby,35,0.869774739652963,0.5171481790185917
walter,walter,35,0.8759396979074847,0.5091392255145544
mary magdalene,mary magdalene,32,0.8172780383504961,0.5896172066556662
masters,masters,35,0.7870250877928426,0.6191707929758914
mataji,mataji,25,0.7885151741638822,0.6150181362149063
bill,bill,35,0.8056081068589472,0.5971473032097309
mcluhan,mcluhan,25,0.880579983853846,0.490464089322016
meredith,meredith,35,0.8733944508948869,0.5124528632722414
mind dynamics,mind dynamics,43,0.7392741271598784,0.6736531087871587
mitchell,mitchell,35,0.8670525968754242,0.5206666702986822
mother divine,mother divine,32,0.7812011626200441,0.6299737705800323
nichiren buddhism,nichiren buddhism,25,0.864786630699655,0.5128066821080686
norse religion,norse religion,32,0.8535293961320379,0.5472303760125049
omoto,omoto,25,0.7808712234159817,0.6247418939052989
order of the nine angles,order of the nine angles,28,0.736463924227006,0.6792505087445191
oxford group,oxford group,35,0.8394238151546745,0.5557510970671377
elijah,elijah,24,0.8288750971020711,0.5650495321327317
swami,swami,25,0.7839462281341999,0.6208417542313306
society for psychical research,society for psychical research,34,0.6904878134211911,0.7243778597935185
sekai kyusei kyo,sekai kyusei kyo,25,0.7022887240379241,0.7192127109353785
tai chi,tai chi,25,0.7864394715060921,0.6176677540644377
teens for christ,teens for christ,32,0.7383208705909057,0.6755710362522983
temple of man,temple of man,0,0.6826017598121324,0.7323534392626464
tibet,tibet,24,0.8197264975391808,0.576749883023977
m,m,25,0.7485439769978662,0.6648178171070376
w,w,25,0.7747132405346341,0.632506416668363
toda,toda,25,0.7943017039213394,0.6075943087786828
troeltsch,troeltsch,35,0.9229263904950475,0.44624156878586974
united pentecostal church,united pentecostal church,32,0.6987842667941527,0.7153332617960902
"zablocki, benjamin","zablocki, benjamin",35,0.8577133922874922,0.5326526556311074
taiping rebellion,taiping rebellion,35,0.8538887644030887,0.5375247286401446
copsi,copsi,25,0.8981663924830391,0.46510827872717664
hubei,hubei,25,0.8510890353847269,0.5318580312830564
jilin,jilin,25,0.8724422983450402,0.5020266453953539
zhejiang,zhejiang,24,0.8596400166583424,0.5247500224473731
central committee,central committee,36,0.7435811501682081,0.668737804076041
shanghai,shanghai,25,0.8486893700983662,0.5351638829106735
henan,henan,25,0.8369705688504097,0.551175491504116
disciples association,disciples association,34,0.7484512078127008,0.6635589895892167
hunan,hunan,25,0.8736535521318964,0.5003128819485543
zhong gong,zhong gong,8,0.8417857357948562,0.5819979827731251
stephen feuchtwang,stephen feuchtwang,25,0.8853706977500923,0.4836062938175745
soviet union,soviet union,36,0.8398891283994147,0.5565766258387146
gender and nrms,gender and nrms,9,0.5914573374110542,0.8063470698601607
the anti-cult movement,the anti-cult movement,47,0.510432657484031,0.8667919080245855
jung,jung,25,0.8546912777510185,0.5268776751071804
lovelock,lovelock,35,0.8745867308407071,0.5109020957419315
lord's resistance army,lord's resistance army,24,0.7656985960994053,0.6432008489249034
rastafarian movement,rastafarian movement,24,0.6955376091603299,0.7227355106788265
millenarianism,millenarianism,45,0.7684068715002533,0.6423332942445467
new age movement (nam),new age movement (nam),13,0.7024957531759917,0.7190361925946354
sekai kyûsei kyô,sekai kyûsei kyô,25,0.7146685814416995,0.7049940047921082
santo daime,santo daime,25,0.8340277553837909,0.5551613011688002
protestant buddhism,protestant buddhism,39,0.804651000103183,0.6036793232672615
agonshu,agonshu,25,0.7891921252946449,0.6141524023213811
self-religions,self-religions,39,0.7384426596824862,0.6753511834396531
perfect liberty kyodan,perfect liberty kyodan,25,0.8433392658110329,0.5425017061099582
melanesia,melanesia,34,0.8126624647604839,0.5904640137401012
africa,africa,33,0.8162558250735218,0.5912810161941506
brazil,brazil,2,0.8679390390340105,0.5680732902137828
enneagram,enneagram,35,0.7864864136898646,0.6198021789865737
gurdjieffian,gurdjieffian,25,0.8515294608588063,0.531250143393488
ivory coast,ivory coast,24,0.821455944365119,0.5745479134477521
hassan al-banna,hassan al-banna,24,0.7927321768697825,0.6105173582893528
sayyid qutb,sayyid qutb,24,0.7891705126810976,0.6148880222881741
caodaism,caodaism,25,0.8550908077436505,0.5263227463243749
university of ghana,university of ghana,24,0.8634871564318295,0.5196066501088686
king's college,king's college,35,0.8140440309905891,0.5869797287370173
evangelische zentralstelle für weltanschauungsfragen,evangelische zentralstelle für weltanschauungsfragen,32,0.7680624054431175,0.6442183535217458
african charismatic churches,african charismatic churches,33,0.6668416749827336,0.7457408674674362
african orthodox church,african orthodox church,33,0.6367086103295239,0.7731204278532748
afrikania mission,afrikania mission,33,0.7415626741510148,0.6723871885592058
ahmadiyya movement,ahmadiyya movement,24,0.8547212808351321,0.531291523486942
alpha course,alpha course,35,0.7776015290976414,0.6301428945689969
black holiness-pentecostal movement,black holiness-pentecostal movement,39,0.7001590829724172,0.7139878531273701
apostles' revelation society,apostles' revelation society,34,0.7171226852185483,0.6970393943128316
"besant, annie","besant, annie",35,0.8720214045087616,0.5142362001311966
black jewish movements,black jewish movements,39,0.7013616770829181,0.7128059304531535
black theology,black theology,39,0.7256853226493908,0.6884547840167097
"blavatsky, helena","blavatsky, helena",35,0.8960334557157277,0.4826436386818995
byakkô shinkô kai,byakkô shinkô kai,25,0.7406103761837811,0.6743933503053088
campus crusade for christ,campus crusade for christ,32,0.7981336844597322,0.6112595388317317
catholic charismatic renewal,catholic charismatic renewal,39,0.8106793438233033,0.5968476098486382
chaos magick,chaos magick,35,0.8296210928084818,0.5679269388988897
charismatic movements,charismatic movements,54,0.7163065706803603,0.6985664136098751
cherubim and seraphim churches,cherubim and seraphim churches,32,0.8354701190257661,0.5685765845391485
"chinmoy, sri","chinmoy, sri",25,0.8753969645681852,0.49784087486046114
christaquarians,christaquarians,32,0.7890258265745688,0.6213757110048329
christian congregation,christian congregation,32,0.6757988889726074,0.7374436088952308
church of god mission international,church of god mission international,32,0.6792621420415709,0.7341593971471798
church of pentecost,church of pentecost,32,0.653450840420098,0.7582322463377928
church of the sacred heart,church of the sacred heart,32,0.6392201518453182,0.7711056771825766
church of the twelve apostles,church of the twelve apostles,32,0.6582818548342734,0.7537976153442304
ciji gongde hui,ciji gongde hui,25,0.7504437964925035,0.6625087900838157
"cohen, andrew","cohen, andrew",35,0.9253756946310743,0.44287304577363196
creation spirituality,creation spirituality,39,0.758878455309912,0.6538855488134496
cult and new religions,cult and new religions,39,0.6433873605386526,0.7674976404284798
daimoku,daimoku,25,0.8225511154296511,0.5705715410846482
deeper life bible church,deeper life bible church,32,0.6920480390922883,0.7218893290207486
deima,deima,25,0.8532883829253805,0.528819475949564
dini ya musambwa,dini ya musambwa,32,0.7709899181981356,0.6410654474422421
easternization,easternization,35,0.7738786372999571,0.634441160996868
eleventh commandment fellowship,eleventh commandment fellowship,34,0.8014832364265984,0.6036218180228689
escuela cientifica basilio,escuela cientifica basilio,36,0.8521253030574489,0.5413493598331631
esoteric movements,esoteric movements,39,0.6316554670319441,0.7779913246602639
espiritismo,espiritismo,39,0.7564864122394306,0.6564286197612959
faith tabernacle church,faith tabernacle church,32,0.7701645804938225,0.6419554941612227
focolare movement,focolare movement,39,0.6975967869795113,0.716500525077644
gallican catholic church,gallican catholic church,32,0.7877509105235929,0.6227823433792671
gedatsukai,gedatsukai,25,0.8026984010573674,0.5967251650433267
gnostic movement,gnostic movement,39,0.7299912694058784,0.6840576578932305
god is love,god is love,55,0.6946578388961148,0.7200862860549426
goddess feminists,goddess feminists,32,0.7825336453484854,0.6285151483174163
godianism,godianism,12,0.6836359338055517,0.7314003362960195
grail movement,grail movement,39,0.7711251614345986,0.6407406978582464
great magal of touba,great magal of touba,24,0.8897058627111837,0.48394761060888225
gurumayi,gurumayi,25,0.8169169970216481,0.5780587870139292
gush emunim,gush emunim,25,0.8524517597785053,0.5299760046503705
health and wealth,health and wealth,35,0.7999570877719115,0.6038988656199298
hindu monastery of africa,hindu monastery of africa,33,0.8107704824535495,0.597502300181473
hizbollah (party of god),hizbollah (party of god),24,0.7148381773219867,0.701617593681775
hoa hao movement,hoa hao movement,39,0.7972145360592485,0.612036093931501
holistic health movement,holistic health movement,39,0.7442200257665087,0.6693422767024364
house of the goddess,house of the goddess,30,0.7719109398428257,0.6458489535575334
humanistic judaism,humanistic judaism,24,0.7231600817995997,0.6923342806686157
i-ching,i-ching,35,0.7660451136763721,0.643418219852014
iglesia ni cristo,iglesia ni cristo,32,0.6942351369656345,0.7197674444286523
igreja católica apostólica brasileira (icab),igreja católica apostólica brasileira (icab),32,0.8531164008625594,0.5477239717936998
ikigami,ikigami,25,0.7543154626195901,0.6577865437300456
implicit religion,implicit religion,39,0.7327523121053515,0.6812244898773698
international church of christ,international church of christ,32,0.6290062436282529,0.780170207530815
jehu-appiah,jehu-appiah,24,0.8591230971231695,0.525438957793049
jihadist movements,jihadist movements,24,0.6927458481406095,0.7257421315595348
"jung, carl","jung, carl",35,0.9132127165629493,0.4595141961785454
karinga,karinga,25,0.8556276676927476,0.5255792375667805
kimbanguism,kimbanguism,12,0.8159186497504572,0.5862682268384745
kofuku-no-kagaku,kofuku-no-kagaku,25,0.8305210496025642,0.5598926026750081
lefebvre movement,lefebvre movement,39,0.8066115068625761,0.6014632115866548
liberation theology,liberation theology,34,0.7776189022325118,0.6311009087388647
lumpa church in zambia,lumpa church in zambia,33,0.7764347587425792,0.6354886991311393
mungiki,mungiki,25,0.7827820362383403,0.6223204126175849
ben knighton,ben knighton,25,0.8581845164993104,0.5220275612120935
murid movement,murid movement,39,0.758202088954759,0.6546050655147205
elom dovlo,elom dovlo,25,0.8200090090272746,0.5739563316837958
peter b.clarke,peter b.clarke,35,0.8775406791883822,0.507050114481869
jo pearson,jo pearson,35,0.878979463235869,0.5051702166983768
neo-hinduism,neo-hinduism,31,0.7435821082447884,0.6709579109513575
pierluigi zoccatelli,pierluigi zoccatelli,25,0.8835200134156667,0.4862599769602586
neuro-linguistic programming (nlp),neuro-linguistic programming (nlp),13,0.7994462822636308,0.630416786287928
alexandra ryan,alexandra ryan,35,0.8641335369961272,0.5244265478558703
new acropolis,new acropolis,35,0.8126636152269051,0.588650563684163
j.gordon melton,j.gordon melton,35,0.8969755133289036,0.4813867200700964
new religion (japan),new religion (japan),13,0.7128564067377903,0.7101121135038441
new religions and violence,new religions and violence,39,0.633193834361809,0.7766264803765752
nigritian episcopal church,nigritian episcopal church,33,0.7493042906701954,0.6643420025465635
nine o'clock service,nine o'clock service,35,0.7919197847904169,0.6134196243456755
niwamo nikkyô,niwamo nikkyô,25,0.7822201543368276,0.6230329959851617
keishin inaba,keishin inaba,25,0.7724551550639804,0.6353384483046193
masaki fukui,masaki fukui,25,0.7724937244191152,0.6352899081945383
helen hardacre,helen hardacre,35,0.8733993043923609,0.512445897970963
osho (bhagwan shree rajneesh),osho (bhagwan shree rajneesh),20,0.7304418161328654,0.6829953959908228
james moore,james moore,35,0.8639571630226176,0.5246540905954468
paliau movement-melanesia,paliau movement-melanesia,39,0.8276740955986969,0.5773150167018465
peace and japanese new religious movements,peace and japanese new religious movements,39,0.668455262565133,0.7444274719677422
peyote cult,peyote cult,52,0.823717808055487,0.5937217157955912
prinerms,prinerms,35,0.8544017124167529,0.5368721976407381
ralph woodhall,ralph woodhall,35,0.8697864678945785,0.5171333277297354
process church of the final judgement,process church of the final judgement,32,0.6598606574255673,0.752341291977928
psychosynthesis,psychosynthesis,43,0.7437840971611887,0.6688202553157432
"qutb, sayyid","qutb, sayyid",24,0.8416626633587436,0.5484769637960089
raëlian church,raëlian church,6,0.6006361910011216,0.8009074276036603
rainbow coalition,rainbow coalition,35,0.7932987848379868,0.6117932517965254
sai baba movement,sai baba movement,23,0.6780409886375997,0.7366773249956287
sarvodaya movement,sarvodaya movement,39,0.8626447221972111,0.5358466971423874
sekhiyatham movement,sekhiyatham movement,23,0.8430595027346997,0.5540844544788374
self transformation,self transformation,35,0.7120190801584112,0.7028410651127683
servants of the light,servants of the light,32,0.7529234018319413,0.6603319780344141
shinnyo-en,shinnyo-en,26,0.7966467441668109,0.6198714059541546
silva method,silva method,43,0.8281297136457956,0.5730168936257141
spirit of jesus church,spirit of jesus church,32,0.6570915478414731,0.7548930009804183
spiritual human yoga,spiritual human yoga,17,0.692477748222423,0.7217414223136618
synagogue church of all nations,synagogue church of all nations,32,0.6987634383058839,0.7153534412910637
t'ai chi ch'uan,t'ai chi ch'uan,25,0.7914716995393619,0.6112316370589118
roman catholicism,roman catholicism,2,0.7587445134603625,0.6733261874437944
christian churches,christian churches,32,0.668665143160926,0.7441554134825277
science and health with key to the scriptures,science and health with key to the scriptures,14,0.706088751462556,0.7144425544938553
aquarian conspiracy,aquarian conspiracy,35,0.8154685976056818,0.5852519699925328
sathya,sathya,23,0.7257563171139314,0.6879520380985477
swami muktananda,swami muktananda,25,0.8084649194702589,0.5891946525757242
the way of the heart,the way of the heart,37,0.6337842825788143,0.7736224926822599
self-religion,self-religion,39,0.7345732010047858,0.6793497445480525
the self,the self,37,0.5311328474830338,0.8522492464334344
prana,prana,25,0.8313666967293113,0.5587535398874658
kenneth hagin,kenneth hagin,25,0.877144164649549,0.4953590519328917
kenneth copeland,kenneth copeland,35,0.8791954206438345,0.5048868264606967
ethiopian,ethiopian,24,0.8139347975315339,0.5840896019439408
charismatic,charismatic,54,0.6110113417255535,0.7940856568970244
evangelical,evangelical,32,0.7801238617646634,0.6311504825008458
aics,aics,36,0.8347983217995207,0.5628469470542449
universal negro improvement association,universal negro improvement association,36,0.810019149151032,0.5928230156463665
marcus garvey,marcus garvey,25,0.9049714666721171,0.4551621127202896
anglican,anglican,32,0.77689420145622,0.634669760287609
kikuyu,kikuyu,25,0.7591557727285922,0.651849086510109
ghana,ghana,25,0.8435187684187874,0.5422560347618233
theosophical,theosophical,34,0.5370131605872421,0.8617512203297426
ruth montgomery,ruth montgomery,35,0.8830341030765986,0.4998528756440037
ram dass,ram dass,25,0.8148605732577874,0.5807783784758588
sunni muslims,sunni muslims,24,0.7137455875522752,0.7028286207370503
mahdi,mahdi,25,0.8205186878626823,0.5732784798990644
lahore,lahore,24,0.8273171524505343,0.5670504390242569
anglican church,anglican church,32,0.7215897210815003,0.692664818818393
ikhwan al-muslimin,ikhwan al-muslimin,24,0.6680869423860524,0.7517741390745849
sayyid,sayyid,24,0.7701508094271826,0.6378963998107884
eucharist,eucharist,32,0.7253358792600392,0.6888717480039448
holy trinity,holy trinity,32,0.7061749609531118,0.708066517400262
the ama-nazaretha,the ama-nazaretha,24,0.7985978289449458,0.6032758623304986
zion christian church,zion christian church,32,0.7365138779853106,0.6774361619640092
african,african,33,0.7630918287517521,0.6498076273661195
amanazaretha,amanazaretha,24,0.8222661440180635,0.5735146933951701
muller,muller,35,0.880940366640078,0.5026017220461969
south africa,south africa,33,0.8555835492880327,0.5454521089393483
lewiston,lewiston,35,0.8461159721690902,0.5473573480881135
hu,hu,25,0.7589022881461195,0.6521611068461309
steiner,steiner,35,0.8746510037340969,0.510818751884211
steiner schools,steiner schools,35,0.8202855962669698,0.5793883912491136
jacob needleman,jacob needleman,25,0.8861615377265012,0.48247089698498885
information network focus on religious movements,information network focus on religious movements,39,0.6875033785568226,0.7263083578337781
university of london,university of london,2,0.8401822519237166,0.5961671347635724
wovenu,wovenu,25,0.7903004330655202,0.6127340244668811
apostles,apostles,37,0.7827076078559617,0.6349192014922564
ewe,ewe,25,0.7637140309012282,0.6462221087175022
jehovah,jehovah,24,0.7627275490539009,0.6467238752762476
egyptian museum,egyptian museum,24,0.7849612857373887,0.620028280694475
portugal,portugal,25,0.883139036047984,0.48680557303310945
vishva hindu parishad,vishva hindu parishad,24,0.84040370891965,0.5501198082727685
mother,mother,37,0.7425389994039325,0.675203395569032
missouri,missouri,25,0.8980278663867868,0.4653099328787886
foreman,foreman,35,0.8751762264963691,0.5101344873837694
south korea,south korea,2,0.8233485267037872,0.6127611335244159
sri aurobindo,sri aurobindo,25,0.8184673104675481,0.5760039686726709
mira richard,mira richard,25,0.811530761537365,0.5851682339274682
nietzsche,nietzsche,35,0.8280173995528456,0.5699046209759417
pondicherry,pondicherry,25,0.8478035286977208,0.5363819219894075
calcutta,calcutta,25,0.8658789531848884,0.5112744131946492
susumu shimazono,susumu shimazono,25,0.8189269794956493,0.5753937012930795
pentecostal movement,pentecostal movement,39,0.6699983395964817,0.7429787770151625
be here now,be here now,35,0.7281533294737028,0.6855498616844504
shi'i islam,shi'i islam,24,0.6978142612047964,0.7202745032022374
iran,iran,24,0.789384355883028,0.6146266239681244
shi'ism,shi'ism,24,0.7468449714393155,0.6653236393398139
margit warburg,margit warburg,35,0.8517177935823513,0.5402803516546419
ahmadu bamba mbacké,ahmadu bamba mbacké,25,0.8148557170897461,0.580785363182164
wolof,wolof,25,0.8416071505927541,0.5448674131802549
touba,touba,25,0.8305440423347213,0.5598615664767586
david brandt berg,david brandt berg,1,0.882063088798233,0.5136332525159825
senegal,senegal,25,0.870320189026265,0.5050243524405471
holiness,holiness,55,0.7600644858252823,0.6508686340719146
baptist,baptist,32,0.8069621643832131,0.601342918936961
promised land,promised land,35,0.8242103764712045,0.5745854200313705
old testament,old testament,24,0.7418500764426798,0.6710920499148434
black hebrew israelites,black hebrew israelites,24,0.6850200941632606,0.7339995623386448
moorish science temple,moorish science temple,7,0.759336943630145,0.6609606222501466
sojourner truth,sojourner truth,35,0.7991902764460277,0.6048114871940025
ethiopianism,ethiopianism,24,0.7939386762321498,0.6090322787965411
isis unveiled,isis unveiled,24,0.8095296235278017,0.5896381933253722
brahmins,brahmins,24,0.7430553547178351,0.6697039873717713
seventh day adventists,seventh day adventists,32,0.7429866157797481,0.6707348118881802
frankfurt school,frankfurt school,35,0.8113704862199415,0.590213487828406
apa,apa,36,0.8440940302804864,0.5513690782388855
fishman case,fishman case,25,0.9048082328953386,0.4554016608274872
hebrews,hebrews,24,0.7081609981753277,0.7089891469104286
cs gas,cs gas,25,0.8814225313058461,0.4892601834868902
cross,cross,35,0.7878410259981241,0.6182149263645575
pali canon,pali canon,25,0.7894570977654223,0.613813495631547
jack kerouac,jack kerouac,35,0.8137169073020237,0.587375689007569
okada mokichi,okada mokichi,25,0.7802140035515193,0.6255734729371297
south america,south america,2,0.8215689341700021,0.6144955042829621
rosicrucian order,rosicrucian order,29,0.5414723140001041,0.8485143000197715
crotona fellowship,crotona fellowship,29,0.8143608882986971,0.5963938679446738
great commission,great commission,35,0.785425189135365,0.6210432903987584
argentina,argentina,24,0.9039337396213482,0.464149131778593
uruguay,uruguay,25,0.9061410550204104,0.45344500733283105
benin,benin,24,0.8864101282111049,0.4884881938310946
eshu,eshu,25,0.7675792479138648,0.641424441411969
caodaists,caodaists,25,0.8364909815195498,0.5518264466189571
eastern orthodox church,eastern orthodox church,32,0.7257580570708351,0.6884427505370356
international catholic charismatic renewal services,international catholic charismatic renewal services,32,0.804516612296722,0.6041006014199182
pontifical council for the laity,pontifical council for the laity,34,0.7620700835730049,0.6485584044917387
cameroon,cameroon,24,0.8602267606074323,0.5239667440286927
austria,austria,36,0.8303027203948191,0.5683524653393982
quakerism,quakerism,24,0.7839103522835412,0.6213075597724733
ijebu-ode,ijebu-ode,25,0.785036660235826,0.6194544356660698
ch'i kung,ch'i kung,25,0.7669452334134613,0.6422135623702774
confucian,confucian,34,0.781254269356442,0.6269685661842559
cultural revolution,cultural revolution,35,0.7884519523152278,0.6174977550933258
elders,elders,34,0.7349680320288818,0.6781437339189786
the gnostics,the gnostics,37,0.7022540328094719,0.7134735301925672
pierre teilhard de chardin,pierre teilhard de chardin,24,0.8879562673596092,0.48635996510484286
são paulo,são paulo,2,0.8614412927467161,0.5747316080723275
methodist,methodist,24,0.765052720616463,0.6439680950577877
fort lauderdale five,fort lauderdale five,35,0.8115531335454192,0.5899927302077136
cri,cri,25,0.8613847101147364,0.5175669024074592
walter martin,walter martin,35,0.8547448712385874,0.5364360347254508
"the church of christ, scientist","the church of christ, scientist",14,0.48661754581599403,0.8761743829316981
book of mormon,book of mormon,2,0.6522886098687359,0.7623359035712587
reinhard bonnke,reinhard bonnke,25,0.9069776575271496,0.4522155596468597
rlds,rlds,35,0.8785022857194567,0.5057937434658524
lds,lds,32,0.7643180188687658,0.6482336238071349
prophet,prophet,24,0.7681689812715604,0.6402613764495583
graham harvey,graham harvey,35,0.8859140445685971,0.4960623510612646
ifa,ifa,25,0.8024145371241371,0.5970943323149978
word of faith movement,word of faith movement,39,0.6467405358690185,0.7644625858016706
ogere,ogere,25,0.8139204196704667,0.5820196932227529
ijebuland,ijebuland,25,0.8414330050771704,0.5451049614063256
aladura movement,aladura movement,39,0.8749184262007191,0.5208858220580406
elizabeth clare prophet,elizabeth clare prophet,24,0.8880910396979633,0.486173793074984
pearls of wisdom,pearls of wisdom,34,0.7721478464218029,0.6372838439634084
mark prophet,mark prophet,24,0.8295198280410804,0.5642199411865447
camelot,camelot,35,0.8520459990197412,0.5398642367663664
taiwan,taiwan,25,0.8283785204460782,0.5627737658094146
andrew cohen,andrew cohen,35,0.8546628155652307,0.5365405575304776
christian faith,christian faith,14,0.6643794600151406,0.74975969707839
matthew fox,matthew fox,35,0.8492665672103499,0.543382350000648
greenspirit,greenspirit,35,0.7581738795189641,0.652345768344748
nelson,nelson,35,0.8408663979778325,0.5539474969850655
nichiren daishonin,nichiren daishonin,25,0.737998214755931,0.6775242548205225
reiyûkai,reiyûkai,25,0.7608243733574586,0.6497929216326821
rissho kosei-kai,rissho kosei-kai,25,0.7634722756693814,0.6465214533933492
myochikai,myochikai,25,0.7455318805926308,0.66846474825107
mah ā y ā na,mah ā y ā na,25,0.760838017496328,0.6497761615384107
pan,pan,25,0.825112075923948,0.5671512940563679
berlin,berlin,36,0.8212252094997633,0.5793787584601395
apostolic faith mission,apostolic faith mission,32,0.7457409558773564,0.6678649177928982
bible study,bible study,14,0.7313801191688343,0.6919802101253749
children of god (cog),children of god (cog),30,0.579892023337155,0.8166820290236634
kenyatta,kenyatta,25,0.8161248831531362,0.5791076485609431
prem pal singh rawat,prem pal singh rawat,25,0.9097124764358554,0.44818846679756025
stonehenge,stonehenge,24,0.8123825737056556,0.5860481960509288
earth people,earth people,35,0.7412793223554835,0.6711967550821956
mother earth,mother earth,35,0.7483840798058508,0.6633211760959754
the nation,the nation,37,0.5936941199456083,0.8059790431732095
the tiger's fang,the tiger's fang,37,0.7218495165588409,0.6951248716711629
ecf,ecf,36,0.8649632574137908,0.5251369784439736
christian community,christian community,32,0.6531333955168392,0.758522255056864
unitarian church,unitarian church,27,0.6460643655955349,0.7632848360850139
emmanuel swedenborg,emmanuel swedenborg,35,0.8916411995497759,0.48848657277655716
swedenborgian,swedenborgian,34,0.8288900105325481,0.5710390641553444
correspondence,correspondence,35,0.7176601809713665,0.6968393870667504
sangha,sangha,17,0.7733313156199962,0.637190658484351
martinist,martinist,35,0.793841635825324,0.6111519001009296
the struggle of the magicians,the struggle of the magicians,37,0.7768210354494495,0.6409551613502623
hegel,hegel,34,0.8562227940367353,0.5374534556093808
allan kardec,allan kardec,35,0.7736452702746321,0.6347097806161158
christian church,christian church,32,0.6339705839818631,0.7757829854310329
hermes trismegistus,hermes trismegistus,34,0.8581369270719271,0.5350609712313393
societas rosicruciana in anglia,societas rosicruciana in anglia,29,0.7880892849437535,0.6250809266723804
columbus,columbus,35,0.8543114422466959,0.536987311230645
cuba,cuba,24,0.8635986055103232,0.519457219399506
merrill singer,merrill singer,25,0.8809040682490307,0.49000099073935144
raelian church,raelian church,6,0.5775621062406088,0.8189393170955965
egbe okuta iyebiye,egbe okuta iyebiye,25,0.7336133821209275,0.6827545613511824
prc,prc,35,0.9027191469707887,0.4736944689038288
ccp,ccp,36,0.8188379154540798,0.5822585336748729
the family of love,the family of love,37,0.6198925667307379,0.7850735056693645
ukraine,ukraine,24,0.8663690222131684,0.5157397060524542
foundation,foundation,36,0.7493103861005881,0.6624473932208197
chiara lubich,chiara lubich,35,0.8542539336071392,0.5370603197067209
pope john paul ii,pope john paul ii,32,0.865993854871722,0.5322315498618551
inner light,inner light,35,0.7139479601017674,0.700794776469181
soul,soul,35,0.7690903094323994,0.6399390646028583
spirit,spirit,35,0.772522311510926,0.6360019534963733
fraternity,fraternity,35,0.7341083458368459,0.6790701209342264
fwbo,fwbo,36,0.8970083610214376,0.48361035886583603
james lovelock,james lovelock,35,0.8749436678097031,0.5104374456697307
fritjof capra,fritjof capra,25,0.8955684666538276,0.46888521400069316
teilhard de chardin,teilhard de chardin,24,0.8625745194090714,0.5208289583059942
esalen,esalen,25,0.8470391979487109,0.5374320652624225
council of trent,council of trent,36,0.8661362555478355,0.5236435650685846
tridentine,tridentine,25,0.8467585090153951,0.5378176777386683
lancashire,lancashire,35,0.8930354776240305,0.4866342529633106
high magic's aid,high magic's aid,35,0.7827398388810549,0.6241764822561249
the meaning of witchcraft,the meaning of witchcraft,16,0.6956097881487254,0.7188534588557833
gardnerian wicca,gardnerian wicca,16,0.7660926007007517,0.6446157752304198
okano seiken,okano seiken,25,0.7527739004917502,0.6596698139096451
gautama buddha,gautama buddha,25,0.797987513051931,0.6028370187149323
peru,peru,36,0.8918151847807645,0.4904421655736573
west africa,west africa,24,0.8434836661965307,0.5460962155572837
universal church of the kingdom of god,universal church of the kingdom of god,32,0.6266214122611831,0.7822659578850071
the spiral dance,the spiral dance,35,0.7324598072862715,0.6808696297163682
horned god,horned god,32,0.8284402646878373,0.5767616780243042
organization of traditional religions of africa (otra),organization of traditional religions of africa (otra),33,0.7557291226260962,0.6576019212351472
central asia,central asia,24,0.8715006588454278,0.5088217183609947
hindu nationalism,hindu nationalism,24,0.853404621102615,0.5330361360666761
zionism,zionism,24,0.6819800922180749,0.7372237730458898
holy land,holy land,24,0.7853890556712496,0.619507440878176
gospel,gospel,32,0.761390066008268,0.6513599915968087
leiden,leiden,35,0.8640262162999773,0.5245645677531001
armstrongism,armstrongism,35,0.8508554647456175,0.5413723362699724
hhm,hhm,25,0.8369895108279313,0.551150267431979
hpm,hpm,25,0.8700113040699271,0.50546055663364
richard price,richard price,35,0.8721055650808462,0.5141268733581476
alcoholics anonymous,alcoholics anonymous,35,0.7695365278944275,0.6394283495693273
encounter groups,encounter groups,35,0.6887561379207137,0.7270901660271689
primal therapy,primal therapy,43,0.74213782089342,0.670588032258247
maslow,maslow,25,0.8217125659657919,0.571689452100467
norman vincent peale,norman vincent peale,35,0.8085040895034653,0.5936686671097325
odinism,odinism,24,0.8517444229082988,0.5352325264474552
asatru,asatru,25,0.8366206070869188,0.5516503603582578
asa,asa,25,0.7814767202545767,0.6239755248088729
total overcomers anonymous,total overcomers anonymous,35,0.7259681525385855,0.6879143675504572
accra,accra,25,0.858968032212592,0.5209365412009288
hizbollah,hizbollah,24,0.7176684092223518,0.6984721566309022
shi'ite,shi'ite,24,0.7165125249117069,0.6997587743906812
ayatollah khomeini,ayatollah khomeini,24,0.7521566137137268,0.6591464615908951
palestine,palestine,24,0.7382302136926965,0.675248693376254
iraq,iraq,24,0.771933466459656,0.6357635689672062
fundamentalisms observed,fundamentalisms observed,35,0.705489252832837,0.7097293224709986
mahayana buddhism,mahayana buddhism,17,0.8181799437875611,0.5862693337197368
nakayama miki,nakayama miki,25,0.7297507209777659,0.6873360358601093
baptism in the holy spirit,baptism in the holy spirit,55,0.7364641407594827,0.6765618221625949
classical pentecostalism,classical pentecostalism,34,0.7730885667808465,0.636223939587754
vineyard ministries,vineyard ministries,34,0.8255268027889433,0.5750964677890844
dianetics: the modern science of mental health,dianetics: the modern science of mental health,43,0.7793723048702937,0.6296516849112459
founding church of scientology,founding church of scientology,2,0.5858779429922006,0.8110602011272146
fda,fda,36,0.8361087566957622,0.5612364878272131
sea organization,sea organization,36,0.8510500140519951,0.5426965452069018
apollo,apollo,35,0.8310509813135403,0.5661593359066954
flag land base,flag land base,35,0.8816354558424406,0.5016900025224963
clearwater,clearwater,35,0.8353385295743144,0.5608427337200054
l.ron hubbard,l.ron hubbard,35,0.7841775569360373,0.6225000534128861
carl rogers,carl rogers,35,0.812545812981972,0.58879290303682
community,community,35,0.7049009062353065,0.7103464427282663
world bank,world bank,36,0.8028661520264315,0.6013082306502889
jewish identity,jewish identity,24,0.7593072834003589,0.6507620771080491
reconstructionist judaism,reconstructionist judaism,24,0.7623516463600415,0.6471685818231336
torah,torah,24,0.7313015730589865,0.6831476961730856
church of christ,church of christ,32,0.608124523824832,0.798248841226586
rio de janeiro,rio de janeiro,2,0.8909910286156264,0.5440469126319516
brazilian,brazilian,37,0.8464535602328067,0.5666337320767051
venezuela,venezuela,24,0.8681988826404841,0.513276728394519
komeito,komeito,25,0.7849513395769514,0.6195635254504726
shimazono,shimazono,25,0.8446837272058674,0.5406621027055805
risshô kôsei-kai,risshô kôsei-kai,25,0.760291832854309,0.6504500093038736
old catholic church,old catholic church,32,0.7237563948281641,0.6904730242939485
greek,greek,37,0.7927343605305673,0.6245323661693474
mental health,mental health,35,0.7713426797452158,0.637357178638706
gris,gris,25,0.8782050353176727,0.4938491323419322
isar,isar,25,0.8625410609715882,0.5159511616120197
peter clarke,peter clarke,35,0.8671971446247027,0.5204798852310393
home office,home office,35,0.7854587794432153,0.6210040257666577
london church of christ,london church of christ,32,0.6630762724563604,0.7493640624019856
george harrison,george harrison,37,0.8473094012914455,0.5656805582707527
islamists,islamists,24,0.625384267220207,0.7946246735672303
afghanistan,afghanistan,24,0.8113426491645609,0.587357984921581
ivi,ivi,25,0.8381639308452895,0.5495556232297577
fatima,fatima,36,0.8402443258215428,0.556137864687563
gospels,gospels,32,0.712283849892466,0.7020024692347618
theodor reuss,theodor reuss,34,0.9016702482172017,0.4791970497889951
the jesus army,the jesus army,32,0.6785777066455061,0.7348098778263301
wesley,wesley,25,0.8738675863183691,0.500009095739295
charismatic christianity,charismatic christianity,54,0.6546894646645296,0.7563020103990463
watchman nee,watchman nee,25,0.807841513187004,0.5900108715009941
local church,local church,32,0.6493990289434262,0.7619263437318087
dispensationalism,dispensationalism,43,0.811217301895442,0.5930505574552082
agikuyu,agikuyu,25,0.7464622864701851,0.6673392754994467
gigikuyu,gigikuyu,25,0.7189439276443842,0.7000257956002385
simon kimbangu,simon kimbangu,25,0.807159199216496,0.5909045726268676
kimbangu,kimbangu,25,0.768330024376965,0.6404897867641932
zaire,zaire,25,0.8608787616562229,0.5182728492588351
kimbanguists,kimbanguists,25,0.8168428440266009,0.5781571218877694
n'kamba,n'kamba,25,0.717728447951423,0.7014411726006681
baptist missionaries,baptist missionaries,32,0.7418670506986618,0.6718979187209897
the church,the church,32,0.5645560301501301,0.8340029833988579
the bible,the bible,37,0.7066047161622196,0.7094432123535057
bapak subuh,bapak subuh,25,0.769107478115037,0.6395214745432686
french revolution,french revolution,24,0.8095958150501634,0.5895554615146413
dakar,dakar,25,0.8248176155680864,0.5675458973869865
pope paul vi,pope paul vi,36,0.8523758430319921,0.5410357913306066
jean-françois mayer,jean-françois mayer,25,0.9101557740342342,0.4475345622832722
the aquarian conspiracy,the aquarian conspiracy,37,0.7585170133276598,0.6594335997533913
anti-christ,anti-christ,24,0.769162010689749,0.6390768410755316
universelles leben,universelles leben,35,0.7895246841853717,0.6162383019081207
jugendreligionen,jugendreligionen,39,0.6927793727204455,0.7211994344232714
religionswissenschaft,religionswissenschaft,39,0.8139642125544985,0.5931039190966235
sekten,sekten,42,0.62264971276515,0.7854786597546213
maria immacolata macioti,maria immacolata macioti,25,0.8990014251963041,0.46389159106318373
unification church/ moonies,unification church/ moonies,27,0.5782573380023384,0.8177914733624163
center for tibetan studies,center for tibetan studies,34,0.7742460635474738,0.6349179417873045
shinshukyo,shinshukyo,26,0.6945249406042922,0.7204135275777941
ofudesaki,ofudesaki,25,0.7648496799663073,0.6448145156979259
reikai monogatari,reikai monogatari,25,0.7526568684337104,0.6598124494238192
omotokyo,omotokyo,25,0.739878762656544,0.6752719261912888
paulo coelho,paulo coelho,25,0.8574545270477185,0.5230429682758689
brasilia,brasilia,2,0.909676894792458,0.524108810340843
alice lakwena,alice lakwena,25,0.7897851976239394,0.6133933348980871
kampala,kampala,24,0.8387517145687495,0.5522715888992533
joseph kony,joseph kony,25,0.9033499770155028,0.4575386009481144
zambia,zambia,33,0.843619154566786,0.5596223372507755
buddhahood,buddhahood,34,0.7542046836788773,0.6572545988019216
okada yoshikazu,okada yoshikazu,25,0.8022977927368122,0.5972461921356047
sukyo mahikari,sukyo mahikari,25,0.772910771883673,0.6347673940149794
maji maji,maji maji,25,0.7253309655170357,0.6925486180615408
makiguchi tsunesaburo,makiguchi tsunesaburo,25,0.8042508228641729,0.5947027862539371
new religions (japan),new religions (japan),13,0.6906223636426521,0.7291028563517977
ngai,ngai,25,0.7290786510547463,0.6881308768798443
gikuyu,gikuyu,25,0.758564470624358,0.6525766874353924
j.,j.,25,0.8301277140314216,0.5604213801848215
aryan race,aryan race,25,0.860729267010172,0.5184818261515145
european countries,european countries,36,0.7766342233314554,0.6317817722843635
messianic judaism,messianic judaism,24,0.7083712277019707,0.7087580090435446
milingo cult,milingo cult,52,0.7804138887049499,0.6388383622630629
mucker movement,mucker movement,39,0.7874198390364511,0.6229245894052116
mecca,mecca,24,0.7953827004836155,0.6072522712819455
ramadan,ramadan,24,0.7750858606285763,0.6319806489569304
third reich,third reich,36,0.7996615848195705,0.6050851724111612
world war two,world war two,37,0.8695692152487449,0.5405518084283197
andhra pradesh,andhra pradesh,36,0.8841108725221382,0.5005052559453783
mrtcg,mrtcg,35,0.886819297088133,0.4948676093788706
mayer,mayer,25,0.8979765930779784,0.465384165595189
peace theological seminary and college of philosophy,peace theological seminary and college of philosophy,34,0.7203830056139462,0.6936220954038352
jesuits,jesuits,24,0.7533950238485423,0.6577003171701188
tent of the living god,tent of the living god,32,0.730975054279813,0.6831248192143842
khalifa-general,khalifa-general,24,0.7899536191230652,0.6139289507716825
ohio,ohio,25,0.9046117505560034,0.45568978486091627
methodist church,methodist church,32,0.7113347377687139,0.7029484237729411
sierra leone,sierra leone,24,0.8373198256032156,0.5541334948775163
scm press,scm press,35,0.8525267410640566,0.5392542419776014
ma'alim fi al-tariq,ma'alim fi al-tariq,24,0.7849266074797538,0.6200707732003339
federation of new religious organizations of japan,federation of new religious organizations of japan,39,0.7362542036031541,0.6776156067030883
world conference on religion and peace,world conference on religion and peace,39,0.7704422550813566,0.6414789120298274
adi granth,adi granth,25,0.8421368593200174,0.5441443466657656
noi,noi,35,0.7932135121916152,0.6118938065957076
allah,allah,55,0.7743883569974296,0.6348795957113893
baptist minister,baptist minister,32,0.7890165601928049,0.6213858898106446
louis farrakhan,louis farrakhan,24,0.8638234370818549,0.5191566116778628
deep ecology,deep ecology,35,0.7567356587070234,0.6539672494456795
world trade organization,world trade organization,36,0.7893959235606307,0.6170827074942775
word of god,word of god,32,0.6626282201311059,0.7497799096441646
advaita vedanta,advaita vedanta,25,0.810713564042815,0.5862433192488528
neo-hindu,neo-hindu,31,0.6965234252865946,0.7175909709753543
beltane,beltane,25,0.8565389266442415,0.5243147088661086
summer solstice,summer solstice,7,0.766966488083546,0.6534672618896675
church universal and triumphant (cut),church universal and triumphant (cut),32,0.7454187578469508,0.6682013580674214
montana,montana,25,0.8826128760650257,0.4875584421707398
guru ma,guru ma,25,0.7314581358510592,0.6853138951633675
the forum,the forum,37,0.6047575861814359,0.7972608198060027
jerry falwell,jerry falwell,35,0.8879336213704134,0.4933962701231633
pat robertson,pat robertson,35,0.8433666742395892,0.5508140025210907
friends of the western buddhist order (fwbo),friends of the western buddhist order (fwbo),36,0.8296291459832322,0.5691750847106605
perfect liberty,perfect liberty,35,0.7961277329841077,0.6084468469042785
gone from the promised land,gone from the promised land,37,0.797497997086702,0.6195518334859209
nos,nos,35,0.8450798861231424,0.5486615316515353
chris brain,chris brain,35,0.8464278341630687,0.5469649424429982
fujii nichidatsu,fujii nichidatsu,25,0.7953010798375761,0.6063062594248786
niwano nikkyô,niwano nikkyô,25,0.756437423469963,0.6551882464557615
the roman catholic church,the roman catholic church,32,0.6927480543219775,0.7212109948968249
thelema,thelema,37,0.7699282339583906,0.6479653901064869
new jersey,new jersey,35,0.875664379700695,0.5094982939627313
pagan dawn,pagan dawn,31,0.7668939973711798,0.6467278902879829
wiccan rede,wiccan rede,16,0.7010332920126816,0.7133955900694753
sayville,sayville,25,0.8857115826841874,0.48311700955031844
communist party,communist party,36,0.7138420957335825,0.7006149354568532
christian mission,christian mission,32,0.7400223772703252,0.6738112886683236
kitawala,kitawala,25,0.7717409670445822,0.6362320700074768
christian life,christian life,32,0.7216872325366078,0.6925663785065312
ken wilber,ken wilber,35,0.8645513337636511,0.5238895323480481
ramana maharshi,ramana maharshi,20,0.8444124948067823,0.5526091446457603
radha soami satsang beas,radha soami satsang beas,25,0.8407923430615175,0.5459780958802559
hans maharaj ji,hans maharaj ji,25,0.8507344133438577,0.5323474078663667
claude vorilhon,claude vorilhon,35,0.8983628711331229,0.47953294860294426
raël,raël,6,0.7012903463411833,0.7139884109460224
raëlians,raëlians,6,0.5741497537808807,0.821545892969316
osho commune international,osho commune international,36,0.8236158527965561,0.5764867874060834
sheela,sheela,25,0.82259941183708,0.5705075622047453
ramakrishna math,ramakrishna math,25,0.8611052020683504,0.5179569757314487
west bengal,west bengal,24,0.8908077105884944,0.48242512861005815
shakti,shakti,25,0.8278305585021609,0.563509555999669
ethiopia,ethiopia,24,0.8396780532119978,0.5510655403574831
miriam simos,miriam simos,25,0.8668664759859744,0.509887484979327
feminist witchcraft,feminist witchcraft,16,0.7375107422866565,0.6755834215116717
nihon kirisuto kyodan,nihon kirisuto kyodan,25,0.8189416206359588,0.5753747295715624
anglicans,anglicans,32,0.7769926127062403,0.6345628568601573
lutherans,lutherans,24,0.745536129491687,0.6668394493420866
presbyterians,presbyterians,24,0.7860502306195275,0.6187013631736009
new religions studies,new religions studies,39,0.5951801330875146,0.8093842315173629
the new religions,the new religions,39,0.5787951580010343,0.8228786764036884
david g.bromley,david g.bromley,1,0.8632226001578245,0.5365245195243145
"cults: faith, healing, and coercion","cults: faith, healing, and coercion",48,0.7095017178750311,0.7105587539466856
a social psychological critique of 'brainwashing' claims about recruitment to new religions,a social psychological critique of 'brainwashing' claims about recruitment to new religions,40,0.6474165284395286,0.7626206957654047
regulating religion,regulating religion,39,0.6857212482150642,0.7280248980812063
timothy miller,timothy miller,35,0.8531365314836626,0.538479840369047
philip jenkins,philip jenkins,35,0.8868498949857148,0.4948278365503572
moon sisters,moon sisters,35,0.8038611120617553,0.5992394106488247
krishna mothers,krishna mothers,5,0.7331324057366442,0.6812130576755341
rajneesh lovers,rajneesh lovers,20,0.7009470227570728,0.7136645243774988
karel dobbelaere,karel dobbelaere,25,0.9053864755115039,0.45455325878006125
seventh day church of god,seventh day church of god,32,0.6464927931464292,0.7645615365243768
sri mataji nirmala devi,sri mataji nirmala devi,17,0.8367968543984137,0.564288429400664
puttaparthi,puttaparthi,25,0.8785999181759493,0.49328753634359557
bangalore,bangalore,25,0.8355917693973186,0.5530445907221895
prasanthi nilayam,prasanthi nilayam,25,0.8524103268735959,0.5300335323968697
saint germain foundation,saint germain foundation,34,0.7963601576346921,0.6095913354946007
gardnerian,gardnerian,25,0.8875951492733224,0.4804097970399065
vajray ā na buddhism,vajray ā na buddhism,25,0.8402261298526813,0.54674986843673
white,white,35,0.8159193068379691,0.584704686298732
mexico,mexico,2,0.8531832928486834,0.5831217794317595
spain,spain,2,0.8392126512967913,0.5971319768876148
santi asoke,santi asoke,25,0.7668073219870267,0.6423852352161628
saint hill manor,saint hill manor,32,0.8907775218935866,0.5017627483777681
road to total freedom,road to total freedom,35,0.7591153909333014,0.6512826374165693
yogoda satsanga society,yogoda satsanga society,17,0.7825602427928097,0.6269464934398741
jiddu krishnamurti,jiddu krishnamurti,25,0.8201657756566697,0.5737476542669261
silence,silence,35,0.7458211757089572,0.6661709025446713
the way of the shaman,the way of the shaman,37,0.7049631265093744,0.7109666998653872
foundation for shamanic studies,foundation for shamanic studies,34,0.7229325148695039,0.6909384018654672
agni yoga,agni yoga,17,0.6882288636123667,0.7259266069089869
shangri-la,shangri-la,25,0.807825702940326,0.5900316350964676
itô shinjô,itô shinjô,26,0.7782719237948226,0.6389780012752778
shingon,shingon,25,0.8245378969002579,0.5679191512377595
shrine of the black madonna,shrine of the black madonna,32,0.8046039473394467,0.6040022020928781
josé silva,josé silva,25,0.9041407274165301,0.45638097290681856
evangelical christians,evangelical christians,32,0.7288640997120567,0.6852809990960728
toda josei,toda josei,25,0.7924857953097671,0.6099299523942125
gohonzon,gohonzon,25,0.8489608335297347,0.5347906871900137
ikeda daisaku,ikeda daisaku,25,0.7086913982031935,0.7118897876392419
reclaiming collective,reclaiming collective,35,0.7274251342926753,0.686338625375364
e,e,25,0.7752042419043934,0.6318891692917574
princeton,princeton,35,0.8241975678450089,0.5746011152045952
princeton university press,princeton university press,34,0.8262496850981915,0.5742256978009198
buddhadasa,buddhadasa,25,0.7646226955365594,0.6450962866158685
dhamma,dhamma,25,0.7824159483464651,0.6227845638795353
dutch,dutch,36,0.8107892119710466,0.5919052736647902
constitution,constitution,36,0.7790023007842345,0.6290722087313626
sathya sai baba movement,sathya sai baba movement,23,0.6020943186849684,0.8074002170366186
gujarat,gujarat,25,0.883860358579678,0.4857721200738338
swaminarayan,swaminarayan,23,0.8093079698645294,0.5946533837932952
great rite,great rite,35,0.7713710133182275,0.6373246237488758
benny hinn,benny hinn,25,0.871255283014105,0.5037047115081805
esoteric section,esoteric section,34,0.6806749342339246,0.7341894391736907
tian dao,tian dao,25,0.8288490038708087,0.5621423157181993
zhang tianran,zhang tianran,25,0.9052650257272948,0.4547318482173741
cutting through spiritual materialism,cutting through spiritual materialism,39,0.7840740939994434,0.6266130603710238
mahatmas,mahatmas,25,0.8170828935746729,0.5778394115796086
kardecist spiritism,kardecist spiritism,15,0.8065261551533076,0.6040557249899982
family federation for world peace and unification,family federation for world peace and unification,36,0.6738150591181211,0.7414664206756919
universal hagar's spiritual church,universal hagar's spiritual church,32,0.7479351993380556,0.6655713494452308
protestantism,protestantism,39,0.7505136702671785,0.6627424867995543
vajray ā na,vajray ā na,25,0.8124973535262218,0.5838955852474597
tantric buddhism,tantric buddhism,34,0.7860820031908309,0.6214509464062996
aldous huxley,aldous huxley,35,0.8030421906899197,0.6002185737496538
bangladesh,bangladesh,24,0.8345493126791214,0.557727085225104
douglas,douglas,35,0.8238422037828645,0.5750374902900529
pain,pain,25,0.8129639290868983,0.5832807293227575
death,death,35,0.7972499138337458,0.6071164454729531
spck,spck,25,0.8992833030508401,0.4634807679629488
vhp,vhp,25,0.888245990073545,0.47947283991185297
rss,rss,36,0.8183616790306115,0.5828314750221224
ayodhya,ayodhya,25,0.8197064205607694,0.5743583777288471
alex sanders,alex sanders,35,0.8220297833933589,0.5772568295223031
seax wicca,seax wicca,16,0.7442748109889322,0.6683611244223238
winners chapel,winners chapel,32,0.8051044894954746,0.6034385298921503
nirmala devi,nirmala devi,25,0.840985505612041,0.5457152179257111
world mate,world mate,35,0.769733305728373,0.6392025737756148
esser yaad,esser yaad,25,0.824383418486309,0.568125174772274
world of yaad,world of yaad,35,0.7900689090010266,0.6155984599246376
father,father,37,0.7610531880933378,0.6568994800969292
philadelphia church of god,philadelphia church of god,32,0.6579485655883471,0.7541046307073889
integral yoga,integral yoga,17,0.6689044967189723,0.7446364204055655
yonaoshi,yonaoshi,25,0.8349893100765347,0.5538608876494251
zar cult,zar cult,52,0.7862070153721636,0.6329441270446818
somalia,somalia,24,0.8168002212891424,0.5804649750404413
djibouti,djibouti,24,0.8366999356477001,0.554938605991921
bori,bori,25,0.7492734459123329,0.6639315818824048
niger,niger,24,0.8519627164641452,0.5349438258304526
british,british,36,0.7786393553579041,0.6294881011442147
zetaheal,zetaheal,25,0.8782228518596552,0.49382398312025
muslims,muslims,24,0.6542483809264691,0.7659705593358193
messiah,messiah,24,0.766632109845034,0.6420915573326351
zaoga,zaoga,25,0.8526334729828919,0.5297250801027544
mozambique,mozambique,24,0.8642379605063945,0.5186007391466523
botswana,botswana,25,0.8629139460442111,0.5154296033615646
ignatius lekganyane,ignatius lekganyane,25,0.8396767610272841,0.5474978745206527
edward,edward,25,0.9040755887382377,0.4564758297219722
forest sangha,forest sangha,34,0.8232726658081058,0.5778066681502771
caribbean,caribbean,24,0.8351130419282436,0.5569962686423638
jesus movements,jesus movements,39,0.7090605272504681,0.7051878834056342
communism,communism,24,0.7935116107773025,0.6095584132996257
eastern europe,eastern europe,36,0.8101773311269306,0.5926343189282667
emanuel,emanuel,35,0.8929200081494907,0.4867882422680849
mary,mary,32,0.839688647976644,0.5636308659196523
sea of faith network,sea of faith network,32,0.7265130652844048,0.6876755057174674
index,index,36,0.7851689059856013,0.6219783391401699
hungary,hungary,36,0.8506147324177692,0.5432413318810525
inform (information network focus on religious movements),inform (information network focus on religious movements),13,0.6914443354217663,0.7284115409977342
kibwetere,kibwetere,25,0.7675227163207987,0.6414947331001524
liberia,liberia,24,0.8633896563800716,0.5197380041574242
lithuania,lithuania,25,0.8770197325184476,0.49553580094260047
buddhist groups,buddhist groups,34,0.773325407426214,0.6359567905937846
east,east,25,0.800074201879004,0.6001341546332882
city,city,35,0.7709566864506526,0.6378000222353961
jr,jr,25,0.8114463956518303,0.5852795669560631
saints,saints,32,0.7965714909080464,0.6130026546401989
ahmad,ahmad,25,0.8402833971636229,0.5466721316870583
army,army,24,0.8036549548431879,0.5969900446650735
mwerinde,mwerinde,25,0.7993212480780607,0.6011105392179692
nairobi,nairobi,24,0.8211096239760702,0.5749888527797189
neo-pentecostalism,neo-pentecostalism,31,0.6431617875714882,0.7667828563647348
north africa,north africa,24,0.8261839018413389,0.5685041420523254
pentecostal churches,pentecostal churches,32,0.7308474295019503,0.683255017044163
rome,rome,35,0.846921722897889,0.5463420656677316
sea org,sea org,35,0.8200809562832152,0.5796386143660879
christian reconstructionism,christian reconstructionism,39,0.7838472005041809,0.6268624209829787
gary north,gary north,35,0.8790617785364576,0.5050623649446716
puritans,puritans,24,0.7458875975423578,0.6664325833309777
archbishop of canterbury,archbishop of canterbury,32,0.8568087047674109,0.5433051813308358
massachusetts,massachusetts,37,0.8822314826168176,0.5259668969270332
pennsylvania,pennsylvania,35,0.9035963749525122,0.47251547667058524
oprah winfrey,oprah winfrey,35,0.8113222130507862,0.5902717132610569
"joseph smith, jr.","joseph smith, jr.",24,0.8306286466573672,0.562791540556496
independence,independence,35,0.7483215691734777,0.6633908133971813
latter-day saint,latter-day saint,32,0.6994677747441939,0.7146640222162652
nauvoo,nauvoo,25,0.8213064228271966,0.5722299662005161
colorado city,colorado city,35,0.8461724947263165,0.5472864475142196
wierwille,wierwille,25,0.9086046511720787,0.44982166730230805
churches of christ,churches of christ,32,0.624991183812796,0.7836939636872717
nardec,nardec,9,0.8779617602672437,0.5466434095470633
cynthia kisser,cynthia kisser,35,0.8466882686832139,0.5466367582349342
steve hassan,steve hassan,25,0.8741539010958037,0.4996037060919747
executive director,executive director,35,0.8279900970346016,0.5699381121840561
ronald enroth,ronald enroth,35,0.8540591858810831,0.5373076500950775
anson shupe,anson shupe,25,0.8177187985694615,0.5769971131502911
lyndon larouche,lyndon larouche,35,0.815681746234871,0.5849932685845742
galen kelly,galen kelly,25,0.8788710174937794,0.49290146186408457
the way corps,the way corps,37,0.6663165765278679,0.7458122249390622
ot levels,ot levels,35,0.7728818372965831,0.6355884001939676
ot iii,ot iii,35,0.786983313768036,0.6192193062064436
church of scientology international,church of scientology international,2,0.47192403058403093,0.8824876844168663
mother church,mother church,32,0.6885136584830158,0.7253038424878993
guardian's office,guardian's office,36,0.7382622650191896,0.6745346382896913
freewinds,freewinds,35,0.727386820105545,0.6863807055661637
copenhagen,copenhagen,36,0.8251892207017492,0.5745791135383553
sydney,sydney,25,0.8296098066443961,0.5611192378203578
rpf,rpf,36,0.8360939826636539,0.5612549442259424
burning times,burning times,37,0.7571274347993316,0.6608181750271369
native americans,native americans,24,0.755642495211293,0.6550695957309606
william bainbridge,william bainbridge,35,0.8819782026794677,0.5012400172678741
anti-satanists,anti-satanists,15,0.6759219329355282,0.7370280785834373
randy weaver,randy weaver,35,0.8502473577401229,0.5421424324961788
peoples' temple,peoples' temple,0,0.4293530159465443,0.9128272842845415
tokyo subway,tokyo subway,25,0.8112635708255622,0.5855197024150612
fbi law enforcement bulletin,fbi law enforcement bulletin,36,0.800148133486728,0.6045131320528994
chalcedon foundation,chalcedon foundation,34,0.8057589268659258,0.5986110224065335
andrew sandlin,andrew sandlin,35,0.8620057093441387,0.5271602483171763
calvinism,calvinism,24,0.8016847691162511,0.5994440377864183
rushdoony,rushdoony,25,0.861095042348123,0.5179709158336643
bush,bush,36,0.8416148987884996,0.5544425359686409
american civil liberties union,american civil liberties union,36,0.7293605629010188,0.6841431203498769
establishment clause,establishment clause,36,0.8403119467302131,0.5560546247184835
bush administration,bush administration,36,0.816348601138409,0.5852519933578197
samhain,samhain,15,0.8126019914667924,0.5972993587035135
fall equinox,fall equinox,35,0.8209353559324891,0.5785950917683671
helms amendment,helms amendment,35,0.7789756275030622,0.6285514355416256
clarksburg,clarksburg,35,0.9020427117687728,0.4746027924745098
west virginia,west virginia,35,0.8822869709034101,0.5008346984435949
gobitis,gobitis,25,0.869339947827708,0.5064068089358975
west virginia state board of education,west virginia state board of education,36,0.8680692218861695,0.5211781906877098
american legion,american legion,36,0.7476475448316444,0.6642780544240641
bill of rights,bill of rights,36,0.7467655535491375,0.6652473158721004
richwood,richwood,25,0.9217892626039489,0.4302603782248277
catlette,catlette,35,0.8363614532032988,0.5595703640737343
window glass cutters league of america,window glass cutters league of america,36,0.825873271014238,0.573748683014605
pittsburgh plate glass company,pittsburgh plate glass company,35,0.8380889178224753,0.5574180845813559
paul schmidt,paul schmidt,35,0.8723833048583793,0.5137663877388334
executive order 8802,executive order 8802,25,0.8900311436797304,0.4768994535913794
committee on fair employment practice,committee on fair employment practice,36,0.742302329369846,0.6701348721915363
lawrence w. cramer,lawrence w. cramer,35,0.9112365178846112,0.4621969990846848
minersville school district v. gobitis,minersville school district v. gobitis,35,0.8545991889901945,0.5366213500168372
barnette,barnette,35,0.9038535863513996,0.4721691540865359
supreme court,supreme court,2,0.7516455509965528,0.679679467045359
sage publications,sage publications,34,0.818499605863941,0.5835207453986462
robert ellwood,robert ellwood,35,0.8930921426990239,0.48655951566700273
poland,poland,36,0.8575320358659573,0.5345513665264218
university of toronto press,university of toronto press,34,0.8242275712409446,0.5766595065361764
the new vigilantes,the new vigilantes,35,0.7087047873164793,0.7063451034532375
lynne hume,lynne hume,35,0.8452752217402298,0.5484155112627438
associated press,associated press,36,0.9011814802722173,0.4780913542542932
religious freedom,religious freedom,39,0.6790276907942695,0.7344333117452153
how the millennium comes violently,how the millennium comes violently,45,0.7207053634582887,0.6932546406396007
rapture,rapture,35,0.7788475797430882,0.6286996448088344
christian reconstruction,christian reconstruction,32,0.7680301245900321,0.6442529179884534
pentecostal church,pentecostal church,32,0.7274072539233181,0.6867658190705426
ibid.,ibid.,24,0.7630502831896053,0.6463418007559859
r,r,25,0.7749518558793965,0.6322066940158217
florida,florida,24,0.8556053945057995,0.5301185808403914
nara-rg 21,nara-rg 21,9,0.8793170658423086,0.5451743993970879
wvrhc,wvrhc,35,0.8851588460777019,0.49705798482577107
hearing records,hearing records,35,0.7127561006711912,0.7020599483965981
nara-rg 228,nara-rg 228,25,0.8899473893593801,0.47702018025025616
stone,stone,25,0.8244686122636765,0.5680120357810883
roberts,roberts,35,0.8858503170173994,0.49614625950800195
money and power in the new religions,money and power in the new religions,57,0.7026448904970731,0.7116481380899902
freudian,freudian,34,0.776170464426886,0.6327425245837728
madsen,madsen,25,0.8572807161202977,0.5232841974105922
cagliostro,cagliostro,25,0.8733504884488269,0.5007416787134897
crises of charismatic legitimacy,crises of charismatic legitimacy,54,0.7013782257454271,0.7130309550923646
charles y. glock,charles y. glock,35,0.8565684233753403,0.5341140068977366
the charismatic relationship,the charismatic relationship,54,0.6520055984531873,0.7586988105230931
evolving perspectives on charismatic leadership,evolving perspectives on charismatic leadership,54,0.6354066211937623,0.7733037218232638
american sociological review,american sociological review,36,0.7642867974828794,0.6457748177698998
lindholm,lindholm,25,0.8939066496286984,0.47129562643099226
seductive poison,seductive poison,35,0.7857405354759214,0.6206742147113835
religious violence in contemporary japan,religious violence in contemporary japan,39,0.7527898427226474,0.6603422265058841
second advent,second advent,32,0.7280364377311773,0.6861245863797152
christopher edwards,christopher edwards,35,0.8917545049689256,0.4883362224853655
nsa,nsa,36,0.803597578546905,0.6004442024150093
est,est,25,0.7924469734794796,0.6099797780526436
the power,the power,37,0.56601483800201,0.8270852944429827
mennonites,mennonites,24,0.8611239442924994,0.5227690212888815
masons,masons,24,0.7986276958093057,0.6032391410695912
münster,münster,25,0.9021318200590389,0.4593218197196884
new york city,new york city,37,0.7937815995261936,0.6234397693333887
shaker communities,shaker communities,35,0.795730040468839,0.6089181660442021
brigham young,brigham young,35,0.800699230282596,0.6030146962537842
anti-slavery society,anti-slavery society,34,0.723146839851555,0.6907128314708662
wilford woodruff,wilford woodruff,35,0.871098022587534,0.515433845953118
watch tower society,watch tower society,34,0.6936818936650463,0.7211536755541703
katherine tingley,katherine tingley,35,0.8423826324757727,0.5520481233279233
point loma,point loma,35,0.8220031289501933,0.5772900702610002
los angeles times,los angeles times,37,0.817416954402807,0.5984007492863835
il,il,25,0.8433897684879954,0.5424327002550614
robert s. ellwood,robert s. ellwood,35,0.9055307783733672,0.46991115914095505
thomas jefferson,thomas jefferson,36,0.8130392816403231,0.5892179310796779
kennedy,kennedy,25,0.8624607032614784,0.5160631998015895
native american spirituality,native american spirituality,31,0.7908263492140865,0.6210749816078135
dietrich bonhoeffer,dietrich bonhoeffer,25,0.8895974551141137,0.47752511185068414
harvey cox,harvey cox,35,0.8821280545741341,0.5010435861017464
protestant churches,protestant churches,32,0.7143383779622525,0.699951117231512
robert n. bellah,robert n. bellah,35,0.9047457677842744,0.47096822151635515
wade clark roof,wade clark roof,35,0.8626050645401334,0.5263908186722246
friedman,friedman,35,0.886532646255513,0.49524617871463883
dobbelaere,dobbelaere,25,0.8220607281357509,0.5712257496500956
healing workshop,healing workshop,35,0.7641343067533684,0.6455937593098302
armed guard,armed guard,24,0.7846846108611155,0.6203654064140764
nichiren shoshu buddhism,nichiren shoshu buddhism,25,0.8613165853678073,0.5176621070271419
joining new religious movements,joining new religious movements,57,0.6078463365473239,0.7974422976406459
eckancar,eckancar,25,0.8847757567260743,0.4844601117038791
margaret t. singer,margaret t. singer,34,0.8739088695214576,0.5151403910253208
tom dulack,tom dulack,35,0.8434182905565989,0.5507493412343449
radical departures,radical departures,35,0.692766142023208,0.7229675654713187
david chidester,david chidester,1,0.8751949184889833,0.5220354888403446
becoming a world-saver,becoming a world-saver,35,0.802766192808985,0.6005484376979686
a time to chant,a time to chant,35,0.7347968977956424,0.678317293356866
the church of satan,the church of satan,15,0.6181089592322786,0.7884083700318013
sunday school,sunday school,49,0.7837314256800075,0.6275999815174311
symbionese liberation army,symbionese liberation army,24,0.8019674234685445,0.5990926835718522
sla,sla,25,0.8447263660764862,0.5406038324444478
oakland family,oakland family,37,0.7876237108693355,0.6298429222621198
violence and new religious movements,violence and new religious movements,39,0.5931511322436203,0.8110755345693839
jim,jim,25,0.81348282885882,0.5825969661522983
university of california,university of california,2,0.8423414350674182,0.5940146475748872
bay area,bay area,36,0.8012791292684255,0.6031804640562792
tim stoen,tim stoen,25,0.8456058472181234,0.5393984687293103
huey newton,huey newton,25,0.8588006167429012,0.521169888554799
san francisco chronicle,san francisco chronicle,37,0.9351293500309688,0.4627563941213534
american indian movement,american indian movement,24,0.7972282520370285,0.6049715078095435
don harris,don harris,25,0.8739496498786561,0.49989271844950794
nbc,nbc,37,0.8144093294034791,0.6016276982451252
congressman,congressman,35,0.8125817187095977,0.5887497398336862
new order,new order,35,0.7170953687752228,0.6974426211106987
the order,the order,37,0.5921086022198825,0.807214831714971
adfi,adfi,36,0.8378940819955658,0.559038551670872
rosy cross,rosy cross,29,0.6971490851587755,0.7171191952822671
creator,creator,35,0.8097893259779388,0.5921209207267317
québec,québec,36,0.8660606137909865,0.5237398524130898
rosicrucian fraternity,rosicrucian fraternity,29,0.5600307591205079,0.8345847952374876
9 o'clock service,9 o'clock service,35,0.7876180366228472,0.6184762402614212
osel tendzin,osel tendzin,25,0.8218579765336278,0.571495555412915
the brahma kumaris,the brahma kumaris,5,0.7712190812803943,0.6414453697631235
from sex to superconsciousness,from sex to superconsciousness,43,0.7970651353412869,0.6094974797329376
rajneeshism,rajneeshism,20,0.5989920870729476,0.8099428235049966
vivianne crowley,vivianne crowley,35,0.8676019793435678,0.5199573394613345
judaeo-christian,judaeo-christian,24,0.7305761264700015,0.6839700005684664
buddhist monasteries,buddhist monasteries,34,0.8405991468235372,0.5567848130505247
sahaj yoga,sahaj yoga,17,0.6025855478611812,0.804794737480423
paul heelas,paul heelas,35,0.886174855919978,0.4957178599290903
boucher,boucher,25,0.8758007457475324,0.49726777630406727
hmso,hmso,25,0.8965386882950905,0.46747577644539556
rose,rose,29,0.8215208708970464,0.5884126294753994
ansaar,ansaar,25,0.8100330942558571,0.5871371270470908
barrytown,barrytown,25,0.9100777853441072,0.44764951421736776
rajneesh foundation international,rajneesh foundation international,20,0.6349717805246755,0.7776907341672024
university of copenhagen,university of copenhagen,34,0.8450815537070905,0.5512753540313142
time magazine,time magazine,37,0.7359211848426457,0.6816363722625598
zaleski,zaleski,25,0.8815492724372281,0.48907926001171337
the soul of cyberspace,the soul of cyberspace,35,0.7811908128348621,0.6259794036401811
hale-bopp,hale-bopp,25,0.8526759111773962,0.5296661790930055
roman,roman,35,0.8563485258785566,0.5343941584991215
church of the subgenius,church of the subgenius,32,0.7188385189859392,0.6954376140297385
reginald bibby,reginald bibby,25,0.9014360504054113,0.46033847558172647
beacon press,beacon press,35,0.7835849534613007,0.6231914942192138
marx,marx,35,0.7839860873768327,0.6227234794171064
jr.,jr.,35,0.7828743045132294,0.6240201941280916
cynthia,cynthia,35,0.8388744871168664,0.556437537035935
coming,coming,35,0.7059207911616219,0.7092759209888072
mind,mind,35,0.6872631906335408,0.7286188331222602
murrah federal building,murrah federal building,36,0.8837894429980017,0.5009230749802627
guardian,guardian,37,0.7839339247441847,0.6336555693638113
ian reader,ian reader,35,0.8194500399814115,0.5804082206344672
stuart wright,stuart wright,35,0.8778957016930001,0.5065864704112689
terror in the mind of god,terror in the mind of god,30,0.7568011313136813,0.661050980958341
parliamentary commission of investigation,parliamentary commission of investigation,36,0.7543255126465419,0.6569006304122721
commission,commission,36,0.7917165603374111,0.6143844598519088
constitutional court,constitutional court,36,0.7722659308881702,0.636757709531473
house of representatives,house of representatives,2,0.7874333941065539,0.6470414892433327
french law,french law,36,0.8357423506005771,0.5616873366051156
puducherry,puducherry,25,0.8617190309680773,0.5171003230551818
heehs,heehs,25,0.7896533994610807,0.6135616497559522
joachim wach,joachim wach,25,0.9088349248429994,0.4494820690689256
olav hammer,olav hammer,25,0.9137252452686756,0.44225810090850937
mikael rothstein,mikael rothstein,35,0.8776630712867738,0.5068904355057975
the invention of sacred tradition,the invention of sacred tradition,55,0.7635345937819122,0.6470228315027311
unifi cation church,unifi cation church,27,0.505152049802507,0.8697931989220005
the moonies,the moonies,37,0.7710653613468516,0.6468130334883052
neo-sufi,neo-sufi,31,0.6971888677306114,0.716952806298095
unifi cationism,unifi cationism,27,0.7579792080243508,0.6601167478362734
ra ë lians,ra ë lians,25,0.7773082041214637,0.6292418157398055
conversion to nrms,conversion to nrms,9,0.496184993484884,0.8702697362243749
unifi cationists,unifi cationists,27,0.7277321666444531,0.6896213863321397
mao zedong,mao zedong,24,0.842285209459844,0.5476634175014666
modern paganism,modern paganism,31,0.6007025644021867,0.8031245845721073
charmed,charmed,35,0.790944741935105,0.6145683220384565
anonymous,anonymous,35,0.6926968515815499,0.7230393743223111
web 3.0,web 3.0,35,0.7640485979207579,0.6456907068178277
youtube,youtube,35,0.7905561400628112,0.6150253863945194
tom cruise,tom cruise,37,0.8344748059922223,0.5798731982395487
south park,south park,2,0.7724411153363051,0.6608990244959898
russian orthodox church,russian orthodox church,32,0.7497045076937505,0.6637168647424575
victoria,victoria,35,0.8667398285815212,0.521069618295694
orthodox church,orthodox church,2,0.7045858189819925,0.7202874643309032
joel best,joel best,35,0.9095390460409994,0.46449717336336604
priesthood,priesthood,32,0.7447884211054681,0.668858778918377
augsburg confession,augsburg confession,32,0.7754013849207858,0.6362911944031997
houteff,houteff,25,0.9118106159425662,0.44509073264500115
kolob,kolob,25,0.8438503536992584,0.5418029050963009
erich von d ä niken,erich von d ä niken,25,0.8587678791482476,0.5212149746858212
ra ë lian,ra ë lian,25,0.7552927000532067,0.6565904880110492
ra ë l,ra ë l,25,0.767402428042858,0.6416445707488411
adi da samraj,adi da samraj,25,0.8005929839392444,0.5994609370358516
shaykhism,shaykhism,24,0.7946433706862227,0.6081636973313629
aga khan,aga khan,25,0.8057975862079698,0.592684205616195
adi shakti,adi shakti,25,0.8019078801194449,0.5977529044772456
tong il kyo,tong il kyo,25,0.7899695487339795,0.6131570326502567
unifi cation,unifi cation,27,0.8188294462310713,0.597119804475871
manson murders,manson murders,24,0.8760364415959172,0.5026723610699041
new age religion,new age religion,19,0.5701320498574838,0.8276497353819328
ritual,ritual,35,0.7460545959927244,0.6659116647032641
mahatma letters,mahatma letters,35,0.8468853589339829,0.5463883299405553
book of dzyan,book of dzyan,24,0.8599291856141947,0.5243637805320276
the principle,the principle,37,0.6169027341721239,0.7875051038092971
criminon,criminon,25,0.8247698435329468,0.567609616536299
xenu narrative,xenu narrative,43,0.8646097433532459,0.5283960806532482
office of special affairs,office of special affairs,36,0.7565022211334819,0.6544821354198547
prozac,prozac,35,0.8481959921253654,0.5447352137280225
david miscavige,david miscavige,35,0.8582192178445102,0.5320075048591287
whitehead,whitehead,35,0.825405322354468,0.5731187193320797
free zone,free zone,35,0.7931737901320706,0.6119406315813805
children of jesus and mary,children of jesus and mary,30,0.70576478253535,0.7101764792485206
controversial new religions,controversial new religions,39,0.7033827633264944,0.7108137997244858
the elementary forms of the new religious life,the elementary forms of the new religious life,57,0.6945368643110887,0.7194712419454288
the social sources of denominationalism,the social sources of denominationalism,34,0.7700172077660528,0.6396797088083495
oxford handbook of new religious movements,oxford handbook of new religious movements,39,0.6381583775356008,0.7721983998233233
aris,aris,36,0.8647559440849992,0.5254007244396139
post-soviet russia,post-soviet russia,36,0.837796660334232,0.5591588167638826
soviet,soviet,36,0.7975164354119274,0.6076051758794585
marxist-leninist,marxist-leninist,2,0.7814471265387904,0.6526063907947315
soviet ideology,soviet ideology,43,0.8708686207277164,0.5205473419581762
ussr,ussr,36,0.8047220728179486,0.5991139792499336
chechen,chechen,25,0.8605724177984442,0.5187001477286628
chechnya,chechnya,24,0.8657048368318137,0.5166319324742131
vissarion,vissarion,25,0.8770597620658118,0.49547915715016794
anastasia movement,anastasia movement,39,0.8466320341462042,0.5550474620422498
moscow patriarchate,moscow patriarchate,24,0.8420149066674703,0.5480170617223101
mp,mp,25,0.8164980769876433,0.5786133926296735
pentecostal groups,pentecostal groups,32,0.712035345582799,0.7022501425079399
cms,cms,35,0.8487830822268527,0.5439933818281193
kimbanguist church,kimbanguist church,32,0.7846927222293686,0.6261474150391277
al-qa'ida,al-qa'ida,24,0.7654927121169852,0.6434454128103549
sufi sm,sufi sm,25,0.8046294102719072,0.5942095724615467
bamidele,bamidele,25,0.7778333882388897,0.6285796611410202
wahhabism,wahhabism,24,0.666133571686583,0.753796451612911
morocco,morocco,24,0.8064354878026944,0.5935169309388658
mourides,mourides,25,0.9126797333422287,0.44380588326348486
globalization,globalization,35,0.7573281911253613,0.6532994786661233
order of christ sophia,order of christ sophia,28,0.6979992140212243,0.7165029661940676
stregheria,stregheria,25,0.9053660968349582,0.45458318140325715
modern pagans,modern pagans,31,0.6712185787454065,0.7414067729960082
latvia,latvia,36,0.861893204891043,0.5290361179991132
irm,irm,9,0.7247650832950625,0.698107734359698
claude,claude,35,0.8818456986680786,0.5014136217315943
mass,mass,25,0.7928033743224148,0.6095218368650823
eloha,eloha,25,0.7825103390342081,0.6226649606785151
ra ë lian movement,ra ë lian movement,6,0.6658358673294766,0.7461378230770861
nopedo,nopedo,25,0.869221249313569,0.5065738851285049
renner studies on new religions,renner studies on new religions,39,0.6838807202502116,0.7297932476921559
sai charitable trust,sai charitable trust,23,0.7459285778017927,0.6663563070030856
sai movement,sai movement,23,0.7359671557423297,0.677094802848143
neo-sufi sm,neo-sufi sm,31,0.7692999425517402,0.6441847889227861
transregional neo-sufi sm,transregional neo-sufi sm,39,0.8406091313362307,0.5621763039770501
nrim,nrim,9,0.6731627176648745,0.7426071466002061
romanticism,romanticism,35,0.8070770507187839,0.595384409525584
theist,theist,34,0.7628074066126761,0.6477383103645953
alawiyya,alawiyya,24,0.8084021911727864,0.59105278630074
so,so,25,0.7827573690223569,0.6223512878823022
maryamiyya,maryamiyya,24,0.8159355021716147,0.581560444139239
sedgwick,sedgwick,25,0.89247374613294,0.4733703721017317
satanic milieu,satanic milieu,15,0.6025819357608817,0.801425558896091
esoteric satanism,esoteric satanism,15,0.5595599951640122,0.8357637850673643
peggy nadramia,peggy nadramia,25,0.8735633760466511,0.5004402071485379
contemporary religious satanism,contemporary religious satanism,15,0.6032362146929225,0.8008837710508074
lucifer rising,lucifer rising,35,0.7809529423512386,0.6262557986804512
the cult,the cult,37,0.608668412919145,0.7941406986368582
colin campbell,colin campbell,35,0.8743834095209919,0.5111665557303051
the oxford handbook of new religious movements,the oxford handbook of new religious movements,39,0.6339140627115339,0.775986188974438
contemporary paganism,contemporary paganism,31,0.6280545142311927,0.7799976736827505
handbook of contemporary paganism,handbook of contemporary paganism,31,0.6939014050256548,0.7200995579977452
united lodge of theosophists,united lodge of theosophists,34,0.6532694878948632,0.7608468072674998
iamblichus,iamblichus,25,0.8944249457392371,0.4705443696485147
hargrave jennings,hargrave jennings,35,0.9045700434635406,0.47120451878038205
theosophical society in america,theosophical society in america,34,0.5605686212958487,0.8428985094075292
world teacher,world teacher,35,0.7590083943336118,0.651403570836403
croatia,croatia,25,0.8833893495061342,0.4864473763481033
agni yoga society,agni yoga society,17,0.6947939302212721,0.719449036720835
share international,share international,35,0.827419157433274,0.5706417341770454
the theosophist,the theosophist,34,0.6358986789753223,0.7771762439604923
greenpeace,greenpeace,2,0.7571787987998491,0.6747325350816111
mayan calendar,mayan calendar,25,0.8532250857418938,0.5289070432579805
the da vinci code,the da vinci code,37,0.7451986174347351,0.6726015725049126
jihadism,jihadism,24,0.6796953965143593,0.739636976850564
political islam,political islam,24,0.7533955824123671,0.6576995122954711
salafi,salafi,24,0.7767991026023906,0.629917520168579
jihadi,jihadi,24,0.6903453723070737,0.7283175017278571
wahhabis,wahhabis,24,0.6488935318543175,0.7713842031868106
sunni islam,sunni islam,24,0.7154698994545075,0.7009167030282636
kharijites,kharijites,24,0.8433952781444835,0.5462120144092398
bernard lewis,bernard lewis,35,0.8828508277856758,0.5000939434205349
khaled abou el fadl,khaled abou el fadl,24,0.858532861984071,0.5262257312726183
james a. beckford,james a. beckford,35,0.8853599042759747,0.4967926382813925
airaudi,airaudi,25,0.8534607944799083,0.5285808346158709
alexandrian witchcraft,alexandrian witchcraft,34,0.8011593911385971,0.6040006449872426
da vinci code,da vinci code,35,0.7823575356212619,0.6246220676609494
shembe,shembe,25,0.7768453460745902,0.6298251644913506
peter,peter,35,0.86917764775898,0.5179203536841991
communion and liberation,communion and liberation,35,0.7369274784723535,0.6759842745226636
ecclesia in europa,ecclesia in europa,32,0.7708816539014286,0.6411821880662346
gaudium et spes,gaudium et spes,35,0.8082954503694129,0.5939194378043475
evangelization,evangelization,39,0.7133166495325125,0.700941164205299
l'arche,l'arche,37,0.7916796799429862,0.6256311714990429
john paul ii,john paul ii,24,0.8856388053746987,0.4895487418399474
marian profile,marian profile,35,0.8976024591252589,0.48054922491898466
redemptoris missio,redemptoris missio,32,0.816992153611891,0.5899441216610497
sant'egidio,sant'egidio,25,0.884036610290618,0.4855195007421687
lumen gentium,lumen gentium,35,0.76675524457987,0.6426076084364802
franciscans,franciscans,32,0.7706948742747752,0.6413834852674294
christian initiation,christian initiation,32,0.7572531293105583,0.6557561929381903
trastevere,trastevere,35,0.8440580742397873,0.5499459677146105
st paul,st paul,35,0.864878285263897,0.5234688001535517
consecrated families,consecrated families,32,0.7537585069074274,0.6594515585388512
giussani,giussani,25,0.8852132258164465,0.48383198916666187
the sacramental method of evangelization,the sacramental method of evangelization,32,0.7120527225261087,0.702232724378153
kirkpatrick,kirkpatrick,35,0.8919165745302874,0.4881208383679455
transmission of faith,transmission of faith,32,0.6430844695078454,0.767638165769514
neocatechumenal way,neocatechumenal way,39,0.7081467784562773,0.7060966907313624
roman curia,roman curia,25,0.954499303600481,0.3805134303715434
ecclesial movements,ecclesial movements,39,0.6045133408958222,0.8015292152641087
new age spirituality,new age spirituality,19,0.5350605349066473,0.854293534138384
satanic abuse,satanic abuse,15,0.5601815648748372,0.8352858549737705
skinheads,skinheads,35,0.7585070778757567,0.6519695497719367
former soviet union,former soviet union,36,0.8044492306823707,0.5994368907277883
fsu,fsu,36,0.8754593159478259,0.5117011354391962
east germany,east germany,36,0.8251376312643782,0.5746415988204663
romania,romania,36,0.881616795176316,0.503744318881294
bulgaria,bulgaria,24,0.8702990718471799,0.5104444554493739
japanese nrms,japanese nrms,9,0.556683441174382,0.830976259546296
daily telegraph,daily telegraph,36,0.7954068751471102,0.6100765324309154
easternisation,easternisation,43,0.7966681645128045,0.6099547263759338
new left,new left,35,0.6247258915231397,0.7896748181377256
western culture,western culture,35,0.7890152943171932,0.6168364157838798
ibm,ibm,35,0.8226123447671551,0.5765441707804063
emerge,emerge,35,0.7894461809255573,0.6163304838923016
london personal development centre,london personal development centre,36,0.8185502712017138,0.5826046281481018
denver,denver,35,0.873080756948044,0.5128604022702318
sufi mysticism,sufi mysticism,34,0.7888742340715195,0.6182443073268322
church of religious science/science of mind,church of religious science/science of mind,14,0.6494342726971115,0.7618913136254619
the sociology of religion,the sociology of religion,34,0.7465067286165925,0.6656785434710533
house of lords,house of lords,36,0.7971276727967135,0.6080611529062967
parliament,parliament,36,0.7632240078217948,0.6469689412000559
great britain,great britain,36,0.8056800699349119,0.5979793649227793
white brotherhood,white brotherhood,24,0.7473834392724005,0.664699740824778
le figaro,le figaro,25,0.8287762372855311,0.5622391292978557
christian deviations,christian deviations,39,0.6731582778175376,0.7400012557777231
stuttgart,stuttgart,36,0.8708371201026048,0.5176379036077159
zondervan,zondervan,25,0.8513762146136201,0.5314611266404058
articles of faith,articles of faith,32,0.6814146012141798,0.7321095050152051
arianism,arianism,31,0.7807924570649598,0.6319263615485504
orthodox islam,orthodox islam,24,0.7586578516534191,0.6515274028698486
christian union,christian union,32,0.7424583012417207,0.671283538743022
underground temple,underground temple,7,0.703183053583747,0.7138099601975284
piedmont,piedmont,25,0.9047112996043454,0.4555443651623497
turin,turin,25,0.8277470326527346,0.5636212650933086
valchiusella,valchiusella,25,0.9090833373735324,0.44911607717206065
pearl of great price,pearl of great price,35,0.8437052955344972,0.5503887892907411
kurozumikyo,kurozumikyo,25,0.7087004965627581,0.7118796253390776
seicho no-ie,seicho no-ie,25,0.7665270817244294,0.6427328439803156
sekai kyuseikyo,sekai kyuseikyo,25,0.69071741945268,0.732278089346055
thought reform and the psychology of totalism,thought reform and the psychology of totalism,43,0.7687596735706547,0.6415235310445336
jean merritt,jean merritt,35,0.8566283763416578,0.534036878987231
lasher bill,lasher bill,35,0.8159992763685079,0.584607966237002
return to personal choice,return to personal choice,35,0.7447612036324688,0.667346719776112
american psychological association,american psychological association,36,0.7615113721360459,0.648889657312749
adf,adf,36,0.8243582451341986,0.5755871039621215
garland publishing,garland publishing,35,0.8439601066130782,0.5500689941688972
e. p. dutton,e. p. dutton,35,0.8895494327977136,0.4912591097106729
barbara underwood,barbara underwood,37,0.8547153061759784,0.557392127850921
jugendsekten,jugendsekten,42,0.6670598127200417,0.7455453318147824
ddr,ddr,36,0.8250237722970614,0.5747790929581821
thomas gandow,thomas gandow,25,0.8827943242969754,0.4872981949344549
east german churches,east german churches,32,0.7866096646611145,0.624039334586612
cdu,cdu,36,0.8227222850566631,0.5775685705414189
deo gloria trust,deo gloria trust,32,0.7862576204802058,0.6244270787736423
cic,cic,35,0.8665985280731707,0.5212520206523967
taoist,taoist,34,0.7195035366684075,0.6945454556100756
molko,molko,25,0.8264537313944128,0.5653556523867687
diagnostic and statistical manual of mental disorders,diagnostic and statistical manual of mental disorders,43,0.8004183501876658,0.6056264205383524
neo-nazi,neo-nazi,31,0.7435999171561098,0.6709394435648423
earth first!,earth first!,35,0.7620515528352534,0.6479589278583789
savitri devi,savitri devi,25,0.8749688240763513,0.49844776088823894
national socialist,national socialist,24,0.7635313873419709,0.6457717338120543
bron taylor,bron taylor,35,0.8883345496070759,0.49286601157069215
neo-shamanism,neo-shamanism,31,0.6483228428874025,0.7621960029273946
psychic phenomena,psychic phenomena,2,0.6832464204547068,0.737836310722123
media trickery,media trickery,35,0.7573755632671221,0.653245980471439
gothic subculture,gothic subculture,41,0.8000734526284785,0.6257514519090179
tom metzger,tom metzger,35,0.8405810370792586,0.5543047030627839
chief osiris,chief osiris,35,0.8112220526513727,0.5903928250717333
world union of national socialists,world union of national socialists,36,0.7123942468540555,0.7021338039046066
anp,anp,36,0.873190872095382,0.514618851907315
wuns,wuns,35,0.825596466726367,0.5728838485321781
national socialism,national socialism,24,0.8166497995597165,0.5806557552352964
george lincoln rockwell,george lincoln rockwell,35,0.8805866873200098,0.5030655949832976
"the cult, the cultic milieu and secularization","the cult, the cultic milieu and secularization",41,0.6354511705143829,0.7727624187366544
the cultic milieu,the cultic milieu,41,0.5299678490638627,0.8492369255483054
leon festinger,leon festinger,35,0.8797593379241011,0.5041486502386262
atwa,atwa,25,0.8714325713529484,0.5034538580541259
unabomber,unabomber,35,0.7855531342432743,0.6208933833659467
diggers,diggers,35,0.7617876055175282,0.6482582585155598
wolves,wolves,24,0.8322126581661502,0.5607480986410268
ents,ents,35,0.7810343543513312,0.6261614454090259
elves,elves,24,0.8620247024262779,0.5215640808524835
expanding universes,expanding universes,35,0.6789050900782683,0.7371158418471956
earth liberation front,earth liberation front,36,0.7463951873778882,0.6656538645110507
sea shepherds,sea shepherds,24,0.7978715234113117,0.6041761883056354
the monkey wrench gang,the monkey wrench gang,35,0.7785452844051752,0.6290501096961331
dave foreman,dave foreman,35,0.8512118888726891,0.5409212206770027
ecodefense,ecodefense,35,0.8191849260275222,0.5807317637193764
green rage,green rage,35,0.7513649082946152,0.6599945591450058
animal liberation front,animal liberation front,2,0.7917182546201658,0.6430318414819186
elf,elf,36,0.835696676678558,0.5617433983407412
council of all beings,council of all beings,35,0.7554110053355215,0.6554580530289394
edward abbey,edward abbey,35,0.9185364712969322,0.4522569191886366
live wild or die,live wild or die,35,0.783179113737198,0.6236647482500515
coyotes and town dogs,coyotes and town dogs,35,0.8116756468449507,0.5898446425005344
freemen,freemen,35,0.8212540280800151,0.5782055837999637
doctrine and covenants,doctrine and covenants,35,0.761038622617243,0.6491069698319918
salt lake city,salt lake city,35,0.8355296573543187,0.5606052756949323
church of jesus christ,church of jesus christ,32,0.6124439362246386,0.794559225013771
short creek,short creek,35,0.8728508225614082,0.5131593051625389
church of the first born,church of the first born,32,0.6297967444075725,0.7794739057007023
krishna venta,krishna venta,5,0.8569124049063036,0.5446070699372896
shenandoah,shenandoah,25,0.8769333130704746,0.4956587022644996
lopez island,lopez island,35,0.866849194132905,0.5209284849117723
kansas city,kansas city,37,0.8316754228824188,0.5829400949646075
holy city,holy city,32,0.8097549469632788,0.5981827031080845
saint germain,saint germain,35,0.8395462269442285,0.5555988211825005
heaven,heaven,4,0.7232694710220428,0.7094631498395014
new babylon,new babylon,35,0.7891919459567319,0.6166294753704504
hungarian,hungarian,25,0.8019712921919901,0.597670439705227
friderikusz,friderikusz,25,0.8965342039852588,0.46748289082411243
kecskemét,kecskemét,25,0.8843444245863702,0.4850779784095639
aunt eva,aunt eva,25,0.8167383820456225,0.5782955424830875
jeffrey kaplan,jeffrey kaplan,35,0.8578912880436751,0.5324264174802479
black metal,black metal,2,0.8207315819089184,0.6153104598353853
gothic milieu,gothic milieu,41,0.7709848317365875,0.654180422319718
gothic,gothic,35,0.7768559765000124,0.6310052226434077
black order,black order,24,0.8052156638521082,0.5950418527794981
klan,klan,25,0.824949778107193,0.5673687979880278
million man march,million man march,35,0.8302669845856173,0.5671291317463936
ismailiyya,ismailiyya,24,0.7365279652361866,0.6771964436146789
nation,nation,37,0.770921897296902,0.6469583690993608
black and white unite in fight,black and white unite in fight,49,0.7851546630200681,0.6260439359668333
third positionist,third positionist,35,0.7107313343372309,0.704204304188243
british-israelism,british-israelism,24,0.7499122361286892,0.6617621406890648
posse comitatus,posse comitatus,25,0.8615040303945117,0.5174000821588186
cotc,cotc,35,0.8987753580697518,0.4789813931802495
rahowa,rahowa,25,0.8159418603405094,0.5793496874115891
wotan,wotan,25,0.8005616075424501,0.5995023039104446
aryans,aryans,25,0.8514999426229756,0.5312906960526742
white aryan resistance,white aryan resistance,24,0.781560709426314,0.6241613285346417
black panthers,black panthers,24,0.773980656730923,0.6333084453018443
naacp,naacp,36,0.8186624525096458,0.5824696584860289
david duke,david duke,35,0.8344678643829515,0.561925051712209
alan berg,alan berg,35,0.8311407279118717,0.5660487538208777
congress of racial equality,congress of racial equality,36,0.7647513023198094,0.6452527764229157
folksocialistisk samling,folksocialistisk samling,36,0.7398758149203752,0.6727805641606545
sveriges framtid,sveriges framtid,35,0.8158897299145923,0.5847403751059652
national socialists,national socialists,24,0.7436097165838997,0.669064949790989
nrp,nrp,9,0.6599256124985288,0.7534931352112635
nordisk kamp,nordisk kamp,35,0.8173496994743983,0.5829663579346447
nordiska rikspartiet,nordiska rikspartiet,36,0.8124700050785711,0.58989851557068
bruno ludtke,bruno ludtke,25,0.8741837819905894,0.4995613024491442
ireland,ireland,36,0.852572166596504,0.5407891502533662
rockwell,rockwell,35,0.8588187201054648,0.5312410164557927
colin jordan,colin jordan,35,0.8896398419300391,0.4911389962789413
james mason,james mason,25,0.8894240113192027,0.47777513161825835
the turner diaries,the turner diaries,37,0.7366334227824317,0.6809467960949107
william pierce,william pierce,35,0.8989772609047599,0.47871107369328864
matt koehl,matt koehl,25,0.8782486228885583,0.49378747400818057
national renaissance bulletin,national renaissance bulletin,39,0.8311233154161359,0.573300978295771
order of the black ram,order of the black ram,28,0.7383339794035959,0.6773880507309973
madole,madole,25,0.8146249206154708,0.5810900354839259
american fiihrer,american fiihrer,37,0.7790635321100436,0.6386611757973806
universal order,universal order,28,0.7823469572701028,0.6322002591109911
nslf,nslf,35,0.8837520044914196,0.4989091479708143
tommasi,tommasi,25,0.862892030488307,0.5154599323117339
koehl,koehl,25,0.898713800215613,0.4643108868596505
weather underground,weather underground,35,0.7290355792601277,0.6845931438874
siege!,siege!,49,0.7917829251128075,0.6187619750357491
blood axis,blood axis,35,0.8412058938229138,0.5535230121628661
southern poverty law center,southern poverty law center,36,0.8061734967306803,0.5973947033970526
anti-defamation league,anti-defamation league,35,0.7450791052637943,0.6669941130581759
b'nai b'rith,b'nai b'rith,24,0.7949937453621057,0.607731279227951
adl,adl,36,0.8513084047736363,0.5423732366844384
dore schary,dore schary,25,0.8265940010559361,0.5651674434534691
klanwatch,klanwatch,35,0.8095338702205397,0.5924286160823076
splc,splc,35,0.8913080928139526,0.48892843869035
morris dees,morris dees,25,0.8556329352823693,0.5255718668569828
communist workers party,communist workers party,36,0.7288145832200166,0.684728453455177
ku klux klansmen,ku klux klansmen,24,0.7745562974527314,0.6326166924563328
greensboro,greensboro,35,0.8608082395049071,0.5286956196380486
lyn wells,lyn wells,35,0.8396430649267694,0.5554775335069303
zeskind,zeskind,25,0.8710789236634232,0.503954055993342
lenin,lenin,36,0.8130362144639228,0.589221535010962
searchlight,searchlight,35,0.790574853625396,0.6150033818157999
lenny zeskind,lenny zeskind,25,0.8584912910900154,0.5215998009056899
political research associates,political research associates,36,0.7393228500471763,0.6733817013703827
cdr,cdr,35,0.8602756236682825,0.5293776152272237
jean hardisty,jean hardisty,35,0.8675088452886539,0.5200775146136032
national lawyers guild,national lawyers guild,36,0.7883635460904467,0.6182807439968345
chip berlet,chip berlet,35,0.8598733590957195,0.5298923763870527
leninism,leninism,24,0.808147894492593,0.5913720475256804
marin county,marin county,35,0.8832432980698885,0.49957797384905467
league,league,37,0.7942651072910629,0.6229348047677457
patty,patty,35,0.8464635386935118,0.5469197457627711
dwp,dwp,36,0.8775285839325367,0.5090334846224585
league for proletarian socialism,league for proletarian socialism,36,0.7342465054146533,0.6788835394962418
rebel worker organization,rebel worker organization,36,0.7313660035437765,0.6819888559736742
workers party,workers party,36,0.6956598219707939,0.7194636352360333
grass roots alliance,grass roots alliance,35,0.7190178700996191,0.6953880781355655
u.s. out of central america,u.s. out of central america,35,0.7816669708157454,0.6254258283085794
the party,the party,37,0.5654043908819623,0.8275394720845808
party,party,35,0.7536221566921325,0.6574668622331525
heaven's gate cult,heaven's gate cult,3,0.6572441224296253,0.7538175341992601
rancho santa fe,rancho santa fe,35,0.8685590122528957,0.5187206258310934
aum shinriky o,aum shinriky o,26,0.5480512973761065,0.8405801691697926
systems of control,systems of control,43,0.7799220006888647,0.6290318950449693
older members,older members,35,0.7439310188515552,0.6682664836849541
sociocultural in x uences,sociocultural in x uences,43,0.7937664114086818,0.6132891342628266
nettles,nettles,35,0.8009508178283885,0.6027150804232507
beyond human,beyond human,35,0.7091859528527507,0.7058375924192006
older member,older member,35,0.7324221871086172,0.6809102939488708
rogue river,rogue river,35,0.845965654232404,0.5475467475016402
helpers,helpers,35,0.7453030569874199,0.6667458343238326
brent,brent,35,0.8286091871931173,0.5691752456695632
w rst,w rst,25,0.7762322977774674,0.6305966910316769
in x uence,in x uence,25,0.8000844412737287,0.6001213129016115
tucson,tucson,35,0.8266142291839713,0.5716325444543793
jstody,jstody,25,0.8429197817736821,0.5430757634016516
rich,rich,35,0.7819411821911307,0.6251066345619332
x yers,x yers,25,0.7620291956834039,0.6483060885906142
w nal,w nal,25,0.7901305420723744,0.6129510418067593
undercover 'jesus' surfaces before departure,undercover 'jesus' surfaces before departure,49,0.837253256663837,0.5671571223406735
systems of in x uence,systems of in x uence,43,0.8366199155335411,0.5628031196835844
new communist movement,new communist movement,39,0.6753921390628912,0.7378876493256135
ncm,ncm,9,0.8265839121499049,0.6006676273839084
cointelpro,cointelpro,35,0.855412459753303,0.535586206340931
marxist,marxist,36,0.7263370731209172,0.6873799792072959
marlene dixon,marlene dixon,35,0.8589553274304694,0.531066887510143
university of chicago,university of chicago,2,0.871768306604264,0.5641256254129201
dixon,dixon,25,0.8775780830390009,0.4947410922838845
trish,trish,35,0.8282547658683093,0.5696122089511615
marlene,marlene,35,0.861915686003878,0.5272755644595789
the training of the cadre,the training of the cadre,35,0.7396029157083867,0.6730444904817919
militant's guide,militant's guide,35,0.7358506912294094,0.6771642942975985
mensheviks,mensheviks,24,0.7546279573078524,0.6562583868070453
mao,mao,25,0.8076637336570799,0.5902438587477119
bolshevik,bolshevik,24,0.7950471831163518,0.6076657249354731
eleanor,eleanor,35,0.8716268533520752,0.514747830364654
women and the state,women and the state,37,0.7348281880043064,0.6826936479828001
state,state,25,0.7802243084218763,0.6255605493559936
comrade marlene,comrade marlene,35,0.7379243345075607,0.6748899885010371
leninist democracy,leninist democracy,36,0.7674500635279027,0.6422117261927761
u.s. working class,u.s. working class,36,0.7590060273954965,0.6516914054315155
the cadre ideal,the cadre ideal,53,0.790070189752381,0.6193293989319029
the militant's guide,the militant's guide,35,0.7131530674736929,0.7016388155340437
immanuel wallerstein,immanuel wallerstein,24,0.8839061522477518,0.491926848410292
rank-andw le,rank-andw le,35,0.8037526990027644,0.5993692406087506
transcendent belief system,transcendent belief system,34,0.6854603223160196,0.7294222989421034
heaven's gate students,heaven's gate students,4,0.7237976673007971,0.7090249906321886
recovery from cults,recovery from cults,52,0.7485997232040286,0.6704324912600379
the constitution of society,the constitution of society,34,0.7619430645244302,0.6486988719761164
revolutionary immortality,revolutionary immortality,35,0.7413614184777033,0.671106401521987
the cadre ideal: origins and development of a political cult,the cadre ideal: origins and development of a political cult,41,0.743323386893657,0.6802387416661212
recovery from cults: help for victims of psychological and spiritual abuse,recovery from cults: help for victims of psychological and spiritual abuse,43,0.7507458026994267,0.6613018474758481
david taylor,david taylor,1,0.845968548241047,0.5570551076517019
san diego union-tribune,san diego union-tribune,36,0.8905139217539448,0.49214807063174226
flying saucery in the wilderness,flying saucery in the wilderness,35,0.8087532232410123,0.5933683059399536
central problems in social theory,central problems in social theory,43,0.8036681939044201,0.6018594484279608
crimes of obedience,crimes of obedience,24,0.7938386419706385,0.6091556319192061
the future of women,the future of women,35,0.6786005909508127,0.7374236727762917
benjamin,benjamin,24,0.8363658777115421,0.5553725774701319
kulibwui,kulibwui,25,0.7778757089059546,0.6285265757267966
tijaniyya,tijaniyya,25,0.8243073460959113,0.5682272083654472
laye,laye,25,0.7381710372025085,0.677317738184273
limamu,limamu,25,0.8334683639460194,0.5559177174936509
qadiriyya,qadiriyya,24,0.7929427271719878,0.610258092614446
amadu bamba,amadu bamba,25,0.7298500812965065,0.6872180543690504
ibra fall,ibra fall,25,0.8869230113597437,0.481376675115861
bay fall,bay fall,35,0.8516101214371546,0.5404165219210956
magal,magal,25,0.8765495378243756,0.49620494724080444
hamallism,hamallism,24,0.8429986054612416,0.5467310868018738
hamallah,hamallah,24,0.8281731527175735,0.5659517066641482
tijani,tijani,25,0.8011308044889507,0.5987621829826684
fulani,fulani,25,0.7761774505791718,0.6306656450596024
yakouba sylla,yakouba sylla,25,0.8287737044840295,0.5622431971768175
mali,mali,24,0.8506831416644949,0.5366340380753112
kano,kano,25,0.7769858672131443,0.6296480890215586
raëlian religion,raëlian religion,6,0.5248981839313889,0.857449377895884
islamic studies,islamic studies,24,0.7455298088712338,0.6668465154617742
jediism,jediism,15,0.7990115240853725,0.61234169800061
pagan movement,pagan movement,31,0.6285604661795113,0.7795601531240006
germanic heathenism,germanic heathenism,34,0.8091370742313825,0.5946330236040889
oahspe bible,oahspe bible,32,0.8307476495266528,0.5740827769200174
kemp,kemp,35,0.8730529860548838,0.5128963885899728
art of living foundation,art of living foundation,34,0.7759559108203757,0.6329853056543044
neo- pagan,neo- pagan,31,0.509091033303253,0.8730848230061523
frisk,frisk,25,0.8030153976192064,0.5963126617005419
north american acm,north american acm,35,0.8638160446725299,0.5248352010388508
cefm,cefm,36,0.9023775323494209,0.4765043493280825
cef,cef,36,0.8856901441903534,0.49844976506437244
tier ii,tier ii,35,0.8098183743800235,0.5920858371588824
the chaos of cults,the chaos of cults,52,0.7248586604542667,0.6931525855247913
shterin,shterin,25,0.8676044050311835,0.5088503687311825
mullins,mullins,35,0.8783509628404136,0.5059917927469305
bouma,bouma,25,0.8473134975430723,0.5370553815228382
cusack,cusack,25,0.9004330027357063,0.4618035508300776
tylor,tylor,35,0.8772754901445033,0.5073971678879285
possamai,possamai,25,0.7212450599868779,0.6973400324591273
nordic countries,nordic countries,36,0.8318698596995114,0.5664369632660193
geertz,geertz,35,0.8914324873930105,0.4887633809404237
village enlightenment,village enlightenment,35,0.7828810965425552,0.6240123445627823
baconianism,baconianism,34,0.8338979533999828,0.5649671651990739
mikaelsson,mikaelsson,25,0.8909740992245291,0.47553869459539755
jone salomonsen,jone salomonsen,25,0.8766036677849511,0.4961272246079344
gilhus,gilhus,25,0.9006330466696792,0.4615113682693182
heathenism,heathenism,34,0.7932318699425925,0.6132174367423007
unification movement,unification movement,27,0.6952803234190681,0.7199414206353697
benjamin creme,benjamin creme,35,0.8712461657030697,0.515241716780819
sami shamanism,sami shamanism,23,0.83369945554836,0.5655012161742934
shamanistic association,shamanistic association,34,0.7082744898928292,0.7062361407074185
tenskwatawa,tenskwatawa,25,0.7389253651419994,0.6764142114623249
euroamericans,euroamericans,35,0.7869424733305092,0.6192675130003349
lanternari,lanternari,34,0.8179134577507468,0.5842199706903507
shawnee,shawnee,25,0.8372249930897238,0.550830045802291
delaware,delaware,36,0.8783082198147352,0.5080268691987486
iroquois,iroquois,24,0.8307071294869607,0.5626905692142371
deganawidah,deganawidah,25,0.8400469085453414,0.5469941828929513
métis,métis,35,0.7996260081537496,0.604293219511818
riel,riel,6,0.8218706343434709,0.5921679793837918
uzbekistan,uzbekistan,24,0.8564212881813043,0.5290347077774475
aum shinriky ō,aum shinriky ō,26,0.4522492034386846,0.9038518417835956
protestant federation of france,protestant federation of france,36,0.7881055600031442,0.6185801672153448
islamic extremism,islamic extremism,24,0.693945162465886,0.7244517342534093
new religions as global cultures,new religions as global cultures,57,0.650931713106903,0.7599883347414942
belarus,belarus,24,0.8627215110622211,0.5206322485777485
hizb ut-tahrir,hizb ut-tahrir,24,0.7230518761314658,0.6924554143623427
church of denmark,church of denmark,32,0.7273873931039673,0.686786270654848
napoleon,napoleon,24,0.8413665199083563,0.5488635411406277
mandarom,mandarom,25,0.8350450948355901,0.5537851384287499
pélerins d'arès,pélerins d'arès,24,0.8383648872524654,0.5527750704067227
guyard commission,guyard commission,35,0.861406428700634,0.5279287918612271
sri chinmoy association,sri chinmoy association,34,0.84969726790092,0.545570770927446
firephim,firephim,25,0.8537271508850602,0.5282125330168493
concordat,concordat,35,0.8605497212547903,0.5290261209122296
james t.richardson,james t.richardson,35,0.8983644342574362,0.4795307003810234
russian,russian,25,0.795252750158273,0.6063692992525145
tatarstan,tatarstan,24,0.8861879904614091,0.48879402398482225
dagestan,dagestan,24,0.8456619920876843,0.5432416495855994
soviet dissidents,soviet dissidents,36,0.7871652328068889,0.6196693993758555
estonia,estonia,36,0.87346446850194,0.5142678813440383
tajikistan,tajikistan,24,0.8212318085872182,0.5748332590829308
turkmenistan,turkmenistan,24,0.8032755629826224,0.5974630003641557
sufi brotherhoods,sufi brotherhoods,34,0.7748698092730136,0.6342135247889717
democratic republic of congo,democratic republic of congo,36,0.8904074941357715,0.49228725544156154
irving hexham,irving hexham,35,0.8537486385622606,0.5377022844814954
triads,triads,35,0.7371783510434624,0.6757092416148298
rowan ireland,rowan ireland,25,0.8773050541421732,0.49513007202568915
mandala,mandala,25,0.7512700285859991,0.6615033199371377
moonwebs,moonwebs,35,0.7614985321968405,0.6485858785434242
ticket to heaven,ticket to heaven,4,0.7412933194378163,0.6943291700553956
sgi,sgi,25,0.8447535592972609,0.5405660707646681
michael ignatieff,michael ignatieff,35,0.8627991119864892,0.5261415547843235
islamic world,islamic world,24,0.7198013231168097,0.6960936995135627
pakistani,pakistani,24,0.7800471122157071,0.6259948145500447
post-muhammadan,post-muhammadan,24,0.8072507528943766,0.5924960996234283
maliki,maliki,25,0.7937228899145818,0.608339402590735
ahl-i haqq,ahl-i haqq,24,0.7023016720406359,0.715400328803762
qadiyani,qadiyani,25,0.8119587395590693,0.5846047314714047
mufarridiyya,mufarridiyya,24,0.8353175182756616,0.5567316635501931
russian orthodoxy,russian orthodoxy,32,0.7826009669661008,0.6284418533243521
the local church,the local church,32,0.60894146355348,0.7975529657378434
vajradhatu,vajradhatu,25,0.8700620555056665,0.505388708429185
counter-cult groups,counter-cult groups,47,0.6987896276991449,0.7165197824803886
violence and the cults,violence and the cults,39,0.7208603547856332,0.6933508375855824
witness lee,witness lee,35,0.7808899210619836,0.6263287724747898
asian religion,asian religion,57,0.8070808847707651,0.6027628962428366
rose of sharon press,rose of sharon press,29,0.8449656331449503,0.5617888407545308
the established cults,the established cults,52,0.716779584981667,0.7007172654344663
board of directors,board of directors,36,0.7821119268979791,0.6255019120916447
truth,truth,35,0.7631731112159768,0.6466860822493313
love,love,35,0.7889702793703657,0.6168896552025247
first presidency,first presidency,36,0.8331027326497337,0.5649273402015587
rulon c. allred,rulon c. allred,35,0.901440658630754,0.4754110644535019
joel lebaron,joel lebaron,35,0.8670007962021401,0.5207333637805366
church of israel,church of israel,32,0.7188535235580977,0.6954230155514793
c.s.a.,c.s.a.,35,0.809510997355091,0.5924558525240589
rosicrucian anthroposophic league,rosicrucian anthroposophic league,29,0.6269678598559115,0.780442322361151
the worldwide church of god,the worldwide church of god,32,0.5644728449441686,0.834068767460264
the newer cults,the newer cults,39,0.6579967653475501,0.7541596291495763
gbc,gbc,25,0.9045950806599714,0.45571378914801397
world plan executive council,world plan executive council,36,0.8240299868345292,0.5759845186038216
vajradhatu sun,vajradhatu sun,25,0.8311051830241901,0.5591059959640391
rock of ages festival,rock of ages festival,19,0.834557966068442,0.5723243690103363
triratna buddhist community,triratna buddhist community,17,0.8577787967333614,0.5389225898941586
lgbtqi,lgbtqi,35,0.7005518600740094,0.7148949006964427
sgi-uk,sgi-uk,25,0.8422898543800882,0.5439353675514985
tbc,tbc,35,0.8203685350953679,0.5792878024938523
bourdieu,bourdieu,25,0.8573455065834187,0.5231939285163825
lotus sūtra,lotus sūtra,25,0.8254225330397496,0.5667363634103835
tbo,tbo,25,0.8749294231810719,0.4985041384414969
queer spiritual spaces,queer spiritual spaces,34,0.7055766442555788,0.7090175143417633
pentecostal parish,pentecostal parish,32,0.7582783107783705,0.6546693393004116
secure attachment to god,secure attachment to god,55,0.7039087408649123,0.7106743030359682
so-called sects and psychogroups,so-called sects and psychogroups,42,0.6170141815608775,0.7903492937259685
edwards,edwards,35,0.8838724193539474,0.4987511924978635
juno regina,juno regina,25,0.8430235835268223,0.5429327420977229
livy,livy,25,0.8539491414341879,0.5279050678631557
magna mater,magna mater,35,0.8006839975131718,0.6030328735722804
ceres,ceres,35,0.8675036282896198,0.5200842364718046
aesculapius,aesculapius,34,0.8324203355687322,0.566762503293873
venus erycina,venus erycina,34,0.9048612500705963,0.47499298035636556
lavinium,lavinium,25,0.8964990039260587,0.4675332721260373
romulus,romulus,35,0.8742059382526823,0.5113974935495571
aventine,aventine,25,0.8763697165546124,0.49645971735293415
the last testament church,the last testament church,32,0.5873710631176361,0.8156110398804521
vissarionovtsy,vissarionovtsy,25,0.8799714534390763,0.491332072968251
last testament church,last testament church,32,0.6258896878883765,0.7829073836080229
the mountain,the mountain,37,0.6186248714710255,0.7861059076067699
psychology and the new religious movements,psychology and the new religious movements,39,0.6129548295258654,0.7943193246883011
african pentecostal mission,african pentecostal mission,33,0.6617464063517409,0.7504593310424592
apm,apm,36,0.8861457174880633,0.49785615997091875
african pentecostalism,african pentecostalism,33,0.6839427259596602,0.7296396288369907
apc,apc,36,0.8260603383636751,0.5735207673852702
african pentecostal evangelization,african pentecostal evangelization,33,0.6565206113554974,0.755261525653928
kgatle,kgatle,25,0.8030069847507307,0.5963236785700508
african pentecostal christians,african pentecostal christians,33,0.6403043868893774,0.7699197137633709
edward eliot,edward eliot,35,0.9154675626598822,0.45644523603721393
thomas gisborne,thomas gisborne,35,0.8837894741533797,0.4988604288646731
charles grant,charles grant,35,0.8775699479444137,0.5070121539360208
zachary macaulay,zachary macaulay,25,0.8915350202401342,0.4747275214665475
hannah more,hannah more,35,0.7992086313856354,0.6047893407331805
granville sharp,granville sharp,35,0.8746560468583686,0.5108112342943589
james stephen,james stephen,35,0.8861163951837258,0.4957947472433195
marianne sykes,marianne sykes,34,0.8601148892876779,0.532582271647696
henry thornton,henry thornton,35,0.8860925929697167,0.4958267010415704
marianne thornton,marianne thornton,35,0.8439321562944581,0.550104079463019
john venn,john venn,35,0.8669750891482612,0.520766895258001
william wilberforce,william wilberforce,35,0.9107025964274826,0.4629211205740288
george stephen,george stephen,35,0.8977298470906193,0.48037917513223705
henry venn,henry venn,35,0.9117811527558852,0.46145801922278873
the clapham sect,the clapham sect,42,0.7586533612983193,0.654499838839989
john v enn,john v enn,25,0.9120836541709774,0.4446878058224687
thomas babington,thomas babington,35,0.9005782979454371,0.47656728007716453
thomas clarkson,thomas clarkson,35,0.8548921197038082,0.5362488101305036
john thornton,john thornton,35,0.8734232327684959,0.5124153578482383
henry v enn,henry v enn,25,0.9158117467266346,0.439163697354196
john newton,john newton,24,0.842452913956148,0.547444591887869
thomas babington macaulay,thomas babington macaulay,34,0.9194363702086933,0.45560431219063463
clapham sect,clapham sect,42,0.8123564019634569,0.5956774881862886
clapham,clapham,35,0.883209527755935,0.499622441287745
thornton,thornton,35,0.8844439020153964,0.4979990914134902
hull,hull,35,0.8878559245336516,0.49349926092173185
dissenters,dissenters,35,0.6928429490315766,0.7228884651979486
east india company,east india company,37,0.8438538156100696,0.5695227797651572
wilberforce,wilberforce,35,0.900138449265896,0.47715658131813354
george iii,george iii,35,0.9118564591562649,0.4613563736383005
lord dartmouth,lord dartmouth,35,0.8346274486218127,0.5617261095450771
olney,olney,20,0.9131204350023682,0.4648876156540468
henry,henry,25,0.8814953221782165,0.48915615645271565
venn,venn,25,0.8120215299451433,0.5845223769409129
countess of huntingdon,countess of huntingdon,35,0.8770471960185173,0.5076948433012651
eling,eling,35,0.807231441432,0.5951989696550376
huddersfield,huddersfield,24,0.8610981456163477,0.5228035584307276
the complete duty of man,the complete duty of man,35,0.767515776866273,0.6417399079089698
yelling,yelling,49,0.7398684339011444,0.6741585798750995
charles simeon,charles simeon,35,0.9019713437412442,0.47469844143905526
phillis wheatley,phillis wheatley,35,0.8691594359124019,0.517944473082874
w estminster,w estminster,25,0.844903451414958,0.5403610887790224
pitt,pitt,35,0.8726863939042203,0.5133722635492044
thomas scott,thomas scott,35,0.890567371183687,0.48991055758273416
sunday schools,sunday schools,35,0.775464031009308,0.6326130556743493
proclamation society,proclamation society,34,0.7743418959713072,0.6348096695005246
buxton,buxton,25,0.8942112977123389,0.47085416516315454
teston,teston,25,0.875179273519208,0.49815016126166906
lords,lords,35,0.8082002573436541,0.5940339086667291
porteus,porteus,25,0.8902493179067251,0.47658477986654135
clarkson,clarkson,35,0.8768522611172119,0.5079489651124687
ramsay,ramsay,25,0.8455181873373666,0.5395191953394061
sharp,sharp,25,0.7967757034629637,0.6044034469227839
mendip schools,mendip schools,34,0.866831027429348,0.5241246923126053
gisborne,gisborne,25,0.8676134620864077,0.5088369250662248
babington,babington,35,0.8967801369298637,0.48164751968640673
yoxall lodge,yoxall lodge,25,0.8610613577283581,0.5180182887711992
william bull,william bull,35,0.9164300668240155,0.4551333251660401
hannah,hannah,37,0.7976976488533414,0.6193423339163506
mps,mps,36,0.7744686625417831,0.6342517680778663
sierra leone company,sierra leone company,34,0.836470376794172,0.5618338152924384
freetown,freetown,35,0.8490074354675444,0.543710293327303
dundas,dundas,25,0.8839887858179288,0.48558822587071115
grenville,grenville,35,0.8615621107023904,0.5277289165028763
falconbridge,falconbridge,35,0.8885409089399097,0.49259260202357513
nova scotians,nova scotians,35,0.81992982073442,0.5798225082454705
dawes,dawes,1,0.8627890909330872,0.537045321526127
macaulay,macaulay,25,0.862705908858267,0.5157206110130577
battersea rise,battersea rise,35,0.823196877556452,0.5758285520461186
bengal,bengal,25,0.8384980453190232,0.5491010951159796
grant,grant,35,0.8126270647065397,0.5886949396492366
freetowners,freetowners,35,0.76792032751765,0.6412772239720941
nova scotia,nova scotia,35,0.8763646693680759,0.50858535380343
more,more,35,0.7319645701168296,0.6814091548909407
william jay,william jay,35,0.8680091442762763,0.5194317971550504
cheap repository,cheap repository,35,0.7957597507945156,0.6088834493891342
church missionary society,church missionary society,32,0.6762623267347203,0.7370052782940506
high church,high church,32,0.7518777261163141,0.6614334563182732
christian observer,christian observer,2,0.791466105438412,0.6432681847783206
tom macaulay,tom macaulay,25,0.870529148372131,0.5047297874378274
war in disguise,war in disguise,37,0.7755094320536161,0.642294077258193
order in council,order in council,28,0.7552550531436448,0.660324828359815
african institution,african institution,33,0.7526469829346675,0.6608427297761605
canning,canning,35,0.8045393994929055,0.5984272192469118
william allen,william allen,35,0.849810311170735,0.5426946982855633
georgetown,georgetown,35,0.8491355873635915,0.5435487764618545
william carey,william carey,35,0.8997223557426599,0.47771389086994664
simeon,simeon,25,0.8724753839181305,0.5019801333573763
castlereagh,castlereagh,25,0.8826573333309261,0.48749463963776685
tom babington,tom babington,35,0.8710907676596181,0.5154432923822917
colonial secretary,colonial secretary,35,0.8571545376898173,0.5333664697741025
bathurst,bathurst,35,0.8881041206194673,0.4931708242819487
brougham,brougham,25,0.8884957221771461,0.47911327094497724
lushington,lushington,35,0.8596591291209178,0.5301667936291955
cul,cul,35,0.8481280503369216,0.5448204386457924
add,add,35,0.7628659955170632,0.6470350823567398
ms,ms,25,0.7977167767494602,0.6031871677934579
recollections,recollections,35,0.7196964944989892,0.694661601597925
stott,stott,25,0.8892531863204887,0.4780213973784636
bl,bl,35,0.8209379384088905,0.5785922644267042
knutsford,knutsford,25,0.9083543013477914,0.45018994529636047
tl,tl,35,0.8314830090536608,0.5656253999051303
sufi cults,sufi cults,52,0.6293708842631716,0.7771394894801169
sufi saints,sufi saints,18,0.814433767416672,0.5884787602632152
sidi,sidi,25,0.7473612608318028,0.6662512840540862
sidi faqirs,sidi faqirs,25,0.7680523108868852,0.6408356826986303
south asia,south asia,2,0.851404281439592,0.5849188150004792
ewing,ewing,25,0.8485950825917458,0.5352935152293802
mama ji sarkar,mama ji sarkar,18,0.7009319001523969,0.7137482167377855
atroshi,atroshi,25,0.8105973024460685,0.5863954511458119
sahul hameed,sahul hameed,25,0.8567490188916116,0.5240230431081161
sufi lodges,sufi lodges,17,0.8428863159172064,0.5569915019511575
nagore-e-sharif,nagore-e-sharif,24,0.8347888234513313,0.5574169108777547
s.a.a.saheb,s.a.a.saheb,24,0.8260150191969617,0.5687207767768143
bava gor,bava gor,25,0.8144615061574144,0.5813057875758485
pir,pir,25,0.7942357315611587,0.6076785483964073
maishbandar,maishbandar,25,0.8529420211516362,0.5292985557475445
sayedabad,sayedabad,25,0.8746737815642137,0.4988666632856058
tamil nadu,tamil nadu,25,0.8641914096231399,0.513641500063661
sahul hameed nagore andavar,sahul hameed nagore andavar,25,0.900907484873842,0.461110574095944
kanduri festival,kanduri festival,25,0.8383827371214402,0.549257976108396
nagore,nagore,25,0.8660892661363238,0.5109792373687688
nagapatnam,nagapatnam,25,0.8700923456962064,0.5053459423695582
nagore andavar,nagore andavar,25,0.8893379077895034,0.4778991804109658
kanduri,kanduri,25,0.7747039606254554,0.6325183049470446
jamathul akhir,jamathul akhir,24,0.7599243416644813,0.6500349865279056
zulfikar,zulfikar,25,0.8596033610680147,0.5200518912353957
rafai jama'a,rafai jama'a,25,0.825962760222,0.5660132194812945
rajpur,rajpur,20,0.8399067383132579,0.5581223543589279
zindapir,zindapir,25,0.8657666361608332,0.51143164537317
ghamkol sharif,ghamkol sharif,25,0.8840241824142369,0.4855372605253888
mai mishra,mai mishra,25,0.8152572784262531,0.5802550939596897
bava habash,bava habash,25,0.8291878297755518,0.5616862924954324
makhan devi,makhan devi,18,0.8805473025492149,0.5068619332074381
mama ji,mama ji,18,0.7252320004959821,0.6885075791237326
the majzub mama ji sarkar,the majzub mama ji sarkar,18,0.6325887214698831,0.7801256161186968
rawalpindi,rawalpindi,25,0.8619476812540384,0.5167804688457591
nurpur,nurpur,25,0.9343948873410207,0.41129415156146404
barri imam,barri imam,24,0.8038991349983757,0.5966855173467619
urdu,urdu,24,0.8067454830546907,0.5931286283581695
rabi'a,rabi'a,24,0.7798586793031514,0.6262226909046136
ashiq,ashiq,25,0.7864032666531646,0.6177139264676421
anwar,anwar,24,0.8027450959781763,0.5981240970125696
sa'in sahib,sa'in sahib,23,0.8009808122697694,0.6044074626726199
symbolic order,symbolic order,28,0.6875412187710558,0.7262858028831977
shâh daulah,shâh daulah,25,0.8009748009860843,0.5989654816648018
bain,bain,25,0.8057489775583236,0.5927482190541322
rano,rano,25,0.8128443500970359,0.5834393475815867
turners,turners,35,0.8111765809083886,0.5904474758990872
